net,length_um
clk,815.895µm
clknet_0_clk_regs,687.1µm
clknet_3_4__leaf_clk_regs,513.915µm
_1238_,474.73µm
net608,446.1µm
net726,434.72µm
net738,410.575µm
net786,398.11µm
clknet_3_6__leaf_clk_regs,392.37µm
_1663_,387.51µm
_0794_,379.14µm
net750,374.255µm
net581,374.13µm
net781,367.885µm
net780,367.46µm
net601,366.01µm
net19,365.565µm
clknet_3_5__leaf_clk_regs,360.99µm
net645,360.715µm
net816,360.005µm
net776,358.575µm
net765,354.525µm
net743,353.515µm
clknet_3_2__leaf_clk_regs,353.38µm
net17,351.67µm
net649,346.78µm
net586,342.795µm
net15,341.05µm
net854,339.42µm
net735,337.545µm
net13,336.41µm
net9,335.885µm
net767,331.53µm
net585,329.98µm
net12,326.23µm
net859,323.105µm
rst,317.46µm
clknet_3_7__leaf_clk_regs,313.09µm
net18,312.48µm
net656,311.855µm
net777,311.71µm
net663,310.87µm
net771,308.76µm
net14,307.28µm
net658,305.63µm
net761,305.195µm
net668,303.72µm
net16,299.99µm
_1643_,299.135µm
_1732_,297.385µm
net772,296.875µm
net587,296.66µm
clknet_3_0__leaf_clk_regs,296.66µm
net760,296.36µm
net598,292.76µm
net596,291.325µm
net766,289.175µm
net755,286.84µm
net20,285.74µm
net801,274.665µm
net606,268.42µm
net739,266.255µm
net723,265.36µm
net757,264.25µm
_1634_,262.015µm
net604,261.79µm
_1647_,259.995µm
net742,259.85µm
_2443_,259.29µm
net722,258.585µm
net591,257.52µm
net11,257.11µm
net745,256.87µm
net594,254.73µm
_0577_,253.715µm
clknet_3_3__leaf_clk_regs,253.505µm
clknet_3_1__leaf_clk_regs,252.475µm
net793,252.2µm
net666,250.465µm
net770,250.295µm
net741,249.765µm
net697,248.4µm
net762,244.955µm
net664,244.87µm
_1768_,244.58µm
_1625_,241.745µm
net593,239.385µm
net787,239.285µm
net602,239.16µm
net646,238.265µm
net588,235.515µm
_0492_,234.725µm
net595,234.445µm
net804,231.065µm
net704,227.805µm
_1102_,226.62µm
net821,225.345µm
net832,225.315µm
net749,223.525µm
_0531_,222.815µm
net830,222.68µm
net631,221.93µm
net597,220.155µm
net812,217.785µm
net627,216.27µm
net705,215.39µm
net724,212.305µm
_0687_,211.545µm
net818,211.37µm
net758,209.225µm
_0472_,209.19µm
net725,208.205µm
net759,207.79µm
net784,207.77µm
result_ram\[17\],206.58µm
net748,205.59µm
net642,204.78µm
_1256_,204.205µm
net10,203.66µm
net706,201.945µm
net744,201.77µm
_0705_,200.81µm
result_ram\[16\],199.94µm
net752,199.22µm
net603,198.47µm
net703,197.91µm
_2087_,197.07µm
_1673_,196.45µm
net751,192.72µm
net753,192.435µm
_2014_,190.2µm
_2058_,188.635µm
net599,188.29µm
net820,186.885µm
net783,184.78µm
net791,183.59µm
net773,179.32µm
net613,178.71µm
_0482_,178.24µm
_1513_,178.08µm
net707,177.845µm
net747,176.5µm
_1639_,176.465µm
net858,174.725µm
net640,174.7µm
_0914_,174.135µm
_2452_,172.91µm
net653,172.555µm
net652,172.005µm
net632,171.325µm
net621,171.06µm
net710,170.17µm
net584,170.16µm
_1904_,170.04µm
_1381_,169.75µm
net654,168.4µm
net651,167.98µm
net708,167.435µm
net763,166.52µm
_1509_,164.71µm
net754,163.635µm
_2026_,163.375µm
net855,161.925µm
net813,161.85µm
net605,160.75µm
net819,159.61µm
net811,159.6µm
net696,158.16µm
net6,158.1µm
clknet_leaf_36_clk_regs,157.915µm
net769,157.17µm
_0816_,156.815µm
_2072_,156.635µm
net633,156.635µm
net700,156.525µm
_1511_,155.97µm
net702,155.925µm
net639,155.505µm
net823,155.055µm
net617,154.91µm
net831,154.825µm
net792,154.435µm
net667,153.7µm
_2151_,153.675µm
net824,153.64µm
_1902_,153.6µm
clknet_leaf_18_clk_regs,153.33µm
_0470_,153.165µm
net756,152.29µm
net853,152.185µm
u_mac_2.temp_res\[5\],150.9µm
clknet_leaf_21_clk_regs,150.795µm
_1244_,150.505µm
_1631_,150.455µm
net746,150.235µm
net802,150.2µm
net825,150.09µm
net727,149.8µm
_2088_,149.53µm
net782,148.62µm
net789,147.45µm
net648,147.09µm
net620,147.07µm
_0451_,146.88µm
_2556_,146.88µm
_1290_,146.54µm
_0807_,145.715µm
net815,145.715µm
net644,145.605µm
_0869_,145.55µm
clknet_leaf_11_clk_regs,143.395µm
net7,143.145µm
clknet_leaf_10_clk_regs,142.87µm
net4,142.38µm
_1676_,142.21µm
_0614_,141.535µm
_0419_,140.89µm
net659,140.835µm
clknet_leaf_39_clk_regs,140.695µm
clknet_leaf_12_clk_regs,140.67µm
net817,140.49µm
net5,139.98µm
_1652_,139.655µm
net822,138.86µm
_2559_,138.73µm
_1264_,138.54µm
_0929_,138.135µm
net3,138.08µm
result_ram\[15\],138.04µm
net665,138.035µm
net701,137.845µm
net647,137.535µm
net788,136.57µm
_0615_,135.86µm
clknet_leaf_14_clk_regs,135.8µm
net827,135.435µm
clknet_leaf_32_clk_regs,135.405µm
net582,135.1µm
_1900_,135.09µm
net616,135.025µm
u_mac_2.temp_res\[10\],134.67µm
net795,134.605µm
clknet_leaf_44_clk_regs,133.73µm
net610,133.69µm
_0377_,133.63µm
net774,133.565µm
net676,133.495µm
net775,133.23µm
net713,132.97µm
net637,132.79µm
clknet_leaf_42_clk_regs,132.77µm
clknet_leaf_15_clk_regs,132.595µm
clknet_leaf_30_clk_regs,132.47µm
result_ram\[9\],132.46µm
net826,132.17µm
net829,131.95µm
net856,131.67µm
result_ram\[13\],131.44µm
_1650_,130.93µm
clknet_leaf_46_clk_regs,130.91µm
result_ram\[14\],130.72µm
net721,130.51µm
clknet_leaf_20_clk_regs,130.3µm
clknet_leaf_24_clk_regs,129.965µm
net733,129.725µm
clknet_leaf_17_clk_regs,129.68µm
net810,129.225µm
net611,129.115µm
_2046_,128.655µm
result_ram\[12\],127.61µm
result_ram\[10\],127.18µm
net779,127.105µm
net807,126.88µm
net662,126.755µm
clknet_leaf_34_clk_regs,126.25µm
_1275_,126.225µm
clknet_leaf_2_clk_regs,126.1µm
clknet_leaf_40_clk_regs,126.075µm
clknet_leaf_38_clk_regs,125.88µm
clknet_leaf_27_clk_regs,125.82µm
clknet_leaf_13_clk_regs,125.635µm
clknet_leaf_37_clk_regs,125.19µm
net695,125.105µm
_0926_,124.845µm
clknet_leaf_23_clk_regs,124.67µm
net670,124.535µm
net590,124.495µm
net672,124.255µm
net612,124.155µm
net688,123.38µm
result_ram\[11\],123.15µm
net629,122.575µm
_0416_,122.41µm
_2150_,122.16µm
net719,121.865µm
clknet_leaf_4_clk_regs,121.38µm
net625,121.26µm
result_ram\[7\],121.22µm
u_mac_2.temp_res\[9\],120.24µm
_0796_,120.16µm
_0413_,120.13µm
clknet_leaf_33_clk_regs,120.06µm
result_ram\[8\],119.79µm
read_shift\[17\],119.65µm
clknet_leaf_6_clk_regs,119.62µm
clknet_leaf_25_clk_regs,119.615µm
clknet_leaf_28_clk_regs,118.84µm
net680,118.67µm
clknet_leaf_0_clk_regs,118.665µm
clknet_leaf_45_clk_regs,118.175µm
_0706_,118.1µm
_1898_,118.09µm
u_mac_2.temp_res\[6\],118.035µm
clknet_leaf_7_clk_regs,117.94µm
net650,117.16µm
_2041_,116.465µm
clknet_leaf_26_clk_regs,116.345µm
_0380_,115.635µm
net709,115.39µm
net669,114.99µm
clknet_leaf_9_clk_regs,114.54µm
clknet_leaf_1_clk_regs,114.27µm
net609,113.9µm
net800,113.315µm
net849,113.315µm
_0839_,113.04µm
net638,112.97µm
net730,112.69µm
clknet_leaf_47_clk_regs,112.55µm
net828,112.165µm
net618,112.08µm
net734,111.96µm
clknet_leaf_16_clk_regs,111.125µm
net690,111.04µm
clknet_leaf_31_clk_regs,110.695µm
_1593_,110.52µm
_1727_,110.12µm
_0568_,109.56µm
net671,109.265µm
net852,108.97µm
net636,108.56µm
_0452_,108.43µm
ram_wrcnt\[1\],108.43µm
_0780_,108.15µm
clknet_leaf_19_clk_regs,106.89µm
net674,105.95µm
net614,105.78µm
read_shift\[0\],105.63µm
_1277_,105.155µm
read_shift\[16\],105.03µm
net679,104.68µm
_0838_,104.36µm
clknet_leaf_41_clk_regs,104.005µm
u_mac_2.temp_res\[8\],103.965µm
net660,103.55µm
_2035_,103.14µm
net657,103.01µm
clknet_leaf_3_clk_regs,102.93µm
net622,102.815µm
net764,101.935µm
_1342_,101.715µm
_0404_,101.65µm
u_mac_2.temp_res\[7\],101.57µm
clknet_leaf_43_clk_regs,101.4µm
_0811_,101.355µm
net683,101.305µm
_1897_,101.265µm
net692,101.255µm
_1346_,101.22µm
net677,101.05µm
_2464_,100.93µm
_1124_,100.8µm
net736,100.67µm
ram_wrcnt\[0\],100.66µm
_1671_,100.45µm
_0410_,100.27µm
read_shift\[4\],100.22µm
net740,100.2µm
_2031_,99.905µm
u_input_buffer.mem\[0\]\[4\],99.76µm
_0843_,99.51µm
clknet_leaf_5_clk_regs,99.44µm
clknet_leaf_29_clk_regs,99.37µm
_0817_,99.28µm
net675,98.805µm
net717,98.64µm
_0973_,98.625µm
u_mac_2.temp_res\[4\],98.545µm
u_mac_1.temp_res\[14\],98.025µm
_0715_,97.94µm
_1255_,97.8µm
_2012_,96.97µm
net623,96.645µm
u_input_buffer.mem\[19\]\[7\],96.515µm
net848,96.475µm
_2034_,96.33µm
net839,96.285µm
_1852_,96.18µm
_2045_,96.18µm
net641,96.115µm
u_mac_1.temp_res\[15\],95.58µm
_1263_,95.575µm
read_shift\[6\],95.55µm
clknet_leaf_35_clk_regs,95.325µm
u_mac_1.temp_res\[4\],95.275µm
net835,95.005µm
net686,94.555µm
net768,94.305µm
_1895_,94.29µm
_2300_,94.135µm
net699,94.095µm
net698,93.865µm
_0830_,93.86µm
_1507_,93.66µm
_1621_,93.24µm
result_ram\[6\],92.39µm
net673,92.3µm
_2306_,92.275µm
net691,91.975µm
_1764_,91.875µm
_1889_,91.82µm
_1651_,91.81µm
_1678_,91.675µm
_2302_,91.285µm
result_ram\[3\],91.28µm
_1658_,90.96µm
u_mac_2.temp_res\[11\],90.855µm
_0407_,90.85µm
_1121_,90.78µm
_2286_,90.42µm
net720,90.07µm
clknet_leaf_48_clk_regs,89.89µm
net845,89.805µm
result_ram\[5\],89.8µm
net716,89.45µm
net626,89.44µm
result_ram\[0\],89.35µm
_1921_,89.295µm
net619,89.195µm
net628,89.13µm
_1636_,88.7µm
net607,88.485µm
_0855_,88.08µm
u_mac_1.temp_res\[6\],88.08µm
_0913_,88.07µm
_0459_,87.705µm
_1677_,87.2µm
u_mac_4.temp_res\[6\],87.13µm
_1589_,86.705µm
_1001_,86.455µm
_0455_,85.99µm
net803,85.77µm
u_mac_2.temp_res\[12\],85.69µm
net814,85.475µm
net2,85.39µm
_1984_,85.33µm
_1258_,85.08µm
_1249_,84.52µm
net630,84.345µm
result_ram\[1\],84.17µm
result_ram\[4\],84.075µm
_2298_,83.805µm
_1268_,83.69µm
net712,83.005µm
net681,82.8µm
_1524_,82.4µm
net678,82.355µm
net687,82.28µm
_1291_,82.225µm
_2024_,81.845µm
read_shift\[1\],81.76µm
net798,81.4µm
_2456_,81.39µm
result_ram\[2\],81.15µm
net778,80.455µm
net592,80.4µm
net808,80.335µm
net684,80.075µm
net836,79.94µm
_0949_,79.8µm
_2386_,79.33µm
_0401_,79.27µm
_0696_,79.04µm
_1521_,78.99µm
_0502_,78.915µm
net634,78.76µm
read_shift\[3\],78.72µm
net693,78.675µm
read_shift\[14\],78.28µm
_1132_,78.06µm
_1476_,77.9µm
_2304_,77.685µm
net1,77.46µm
_0814_,77.16µm
u_mac_2.temp_res\[13\],77.015µm
net728,76.445µm
_1649_,76.02µm
net682,75.93µm
u_input_buffer.mem\[19\]\[3\],75.14µm
u_mac_1.temp_res\[16\],74.72µm
_0389_,74.7µm
net615,74.645µm
_0651_,74.53µm
_2071_,74.065µm
read_shift\[2\],73.78µm
net841,73.64µm
u_mac_4.temp_res\[10\],73.585µm
_1432_,73.2µm
net833,72.905µm
_0428_,72.78µm
_0870_,72.54µm
_1400_,72.51µm
_0801_,72.2µm
_2032_,71.94µm
_1675_,71.71µm
ram_addr\[8\],71.17µm
_0383_,71.01µm
_1118_,70.95µm
_0826_,70.845µm
read_shift\[11\],70.6µm
net685,70.49µm
u_mac_4.temp_res\[16\],70.245µm
_0943_,70.23µm
u_input_buffer.mem\[23\]\[3\],70.22µm
_1635_,70.035µm
u_mac_1.temp_res\[5\],69.97µm
_0409_,69.73µm
u_mac_2.temp_res\[15\],69.685µm
u_mac_4.temp_res\[7\],69.49µm
_0976_,69.475µm
_2037_,69.36µm
net635,69.16µm
net785,69.13µm
net790,68.97µm
net661,68.865µm
_1933_,68.775µm
_2044_,68.58µm
_2549_,68.2µm
net655,67.95µm
net583,67.94µm
_0815_,67.875µm
_2376_,67.78µm
_1199_,67.77µm
net8,67.74µm
_0834_,67.605µm
u_mac_3.temp_res\[10\],66.92µm
u_input_buffer.mem\[27\]\[2\],66.845µm
net715,66.81µm
_0868_,66.655µm
_0392_,66.61µm
_2022_,66.55µm
net806,66.21µm
u_mac_3.temp_res\[7\],65.95µm
_0751_,65.41µm
net1142,65.05µm
_1365_,64.91µm
_0829_,64.86µm
net732,64.81µm
_0624_,64.8µm
read_shift\[8\],64.48µm
_0660_,64.39µm
_0996_,64.185µm
u_mac_4.temp_res\[11\],64.145µm
_1292_,64.11µm
u_mac_1.temp_res\[17\],64.09µm
_0386_,64.03µm
_2234_,63.89µm
_1208_,63.805µm
_0848_,63.765µm
_0952_,63.72µm
_1248_,63.61µm
_2459_,62.54µm
_2015_,62.4µm
_2057_,62.395µm
_0930_,62.385µm
_2374_,62µm
_0503_,61.995µm
ram_addr\[6\],61.71µm
net1126,61.385µm
net643,61.3µm
_0887_,61.21µm
_2413_,61.125µm
_0669_,60.835µm
ram_addr\[7\],60.81µm
net689,60.805µm
_2229_,60.66µm
_1260_,60.015µm
read_shift\[7\],59.54µm
net842,59.505µm
_2380_,59.475µm
net837,59.31µm
_2036_,59.215µm
_0009_,59.15µm
_0932_,59.04µm
_2053_,58.81µm
_0792_,58.75µm
_1399_,58.35µm
net850,57.88µm
_1575_,57.78µm
_2451_,57.68µm
read_shift\[5\],57.645µm
_0998_,57.61µm
read_shift\[12\],57.61µm
_2442_,57.54µm
u_mac_4.temp_res\[8\],57.24µm
_0398_,57.045µm
_1680_,56.89µm
_1977_,56.82µm
_2447_,55.94µm
_1106_,55.51µm
_2074_,55.36µm
u_mac_1.temp_res\[8\],55.33µm
_1782_,55.08µm
_1082_,54.78µm
_0678_,54.375µm
_0885_,54.27µm
net843,54.09µm
_1306_,53.98µm
ram_addr\[5\],53.92µm
_1751_,53.82µm
_0927_,53.74µm
_1015_,53.52µm
_2391_,53.43µm
ram_addr\[4\],53.42µm
_2025_,53.405µm
_1660_,53.4µm
_2223_,53.155µm
_1627_,52.965µm
_1561_,52.95µm
_0791_,52.93µm
_0950_,52.68µm
net796,52.545µm
u_mac_2.temp_res\[14\],52.535µm
net797,52.285µm
u_input_buffer.mem\[19\]\[4\],51.955µm
_1431_,51.66µm
net711,51.605µm
_1177_,51.405µm
_0947_,51.37µm
net1149,51.155µm
net794,51.15µm
_1765_,51.13µm
_2540_,51.12µm
_1049_,51.01µm
_2502_,50.94µm
read_shift\[10\],50.92µm
_0414_,50.88µm
_1261_,50.64µm
_1633_,50.54µm
net731,50.005µm
_1629_,49.68µm
_1682_,49.39µm
_1331_,49.375µm
_1653_,49.33µm
read_index\[4\],49.28µm
_2365_,49.245µm
u_mac_2.temp_res\[16\],49.09µm
_2226_,48.86µm
_2445_,48.85µm
_1964_,48.81µm
net718,48.745µm
_0824_,48.6µm
_0822_,48.485µm
_1202_,48.42µm
u_input_buffer.mem\[23\]\[2\],48.37µm
_2320_,48.2µm
u_input_buffer.mem\[24\]\[6\],48.195µm
net799,48.185µm
_0633_,48µm
_1637_,47.94µm
_2137_,47.85µm
_2073_,47.83µm
_2467_,47.83µm
_1763_,47.53µm
_0395_,47.23µm
_1477_,47.18µm
u_mac_2.temp_res\[2\],47.06µm
_2092_,46.98µm
_0411_,46.68µm
u_input_buffer.mem\[27\]\[1\],46.585µm
_0450_,46.285µm
_2258_,46.14µm
_1022_,46.1µm
_2444_,46.02µm
_0804_,45.98µm
_0393_,45.97µm
u_mac_3.temp_res\[2\],45.915µm
ram_addr\[3\],45.84µm
u_input_buffer.mem\[6\]\[6\],45.805µm
u_mac_3.temp_res\[15\],45.78µm
u_mac_3.temp_res\[8\],45.645µm
read_index\[3\],45.37µm
net1155,45.37µm
u_input_buffer.mem\[19\]\[2\],45.24µm
_0772_,44.965µm
net834,44.905µm
_1043_,44.865µm
u_mac_3.temp_res\[9\],44.76µm
_1066_,44.685µm
_1620_,44.65µm
_1274_,44.34µm
_0911_,44.29µm
_2059_,44.15µm
_1042_,43.83µm
_2448_,43.815µm
net840,43.75µm
u_mac_4.temp_res\[9\],43.7µm
net714,43.67µm
_1242_,43.09µm
_0845_,43.02µm
u_input_buffer.mem\[10\]\[4\],42.975µm
u_mac_3.temp_res\[12\],42.945µm
_2359_,42.62µm
_1402_,42.545µm
net846,42.27µm
read_shift\[15\],42.13µm
_1308_,42.06µm
net805,41.995µm
_1705_,41.81µm
read_index\[0\],41.625µm
_1950_,41.6µm
_0853_,41.53µm
_2461_,41.51µm
_0984_,41.4µm
_0847_,41.385µm
_1395_,41.17µm
read_shift\[13\],40.83µm
_1787_,40.675µm
_1672_,40.62µm
_1754_,40.59µm
_0761_,40.485µm
_1383_,40.44µm
_1553_,40.245µm
net847,40.225µm
_0493_,40.21µm
net838,40.115µm
_0886_,40.09µm
_0865_,39.965µm
_1699_,39.93µm
_1158_,39.79µm
u_mac_1.temp_res\[13\],39.49µm
_0779_,39.45µm
_1283_,39.425µm
_2528_,39.37µm
_1064_,39.365µm
_1175_,39.34µm
u_input_buffer.mem\[25\]\[6\],39.225µm
_1527_,39.03µm
_0541_,38.64µm
u_mac_4.temp_res\[15\],38.59µm
_1138_,38.47µm
_0642_,38.34µm
_1936_,38.31µm
_1236_,38.22µm
_2498_,38.18µm
_0908_,38.04µm
_1464_,37.68µm
_1296_,37.64µm
_0901_,37.505µm
u_mac_3.temp_res\[4\],37.29µm
_1067_,37.1µm
u_input_buffer.mem\[20\]\[3\],37.095µm
u_mac_4.temp_res\[12\],36.975µm
u_mac_1.temp_res\[12\],36.9µm
_2086_,36.86µm
_0434_,36.835µm
net857,36.795µm
_0991_,36.775µm
_0406_,36.73µm
_0850_,36.73µm
_2009_,36.73µm
_0841_,36.705µm
u_mac_3.temp_res\[16\],36.68µm
_0979_,36.54µm
_0825_,36.42µm
clknet_leaf_8_clk_regs,36.4µm
u_input_buffer.mem\[28\]\[6\],36.385µm
u_input_buffer.mem\[5\]\[1\],36.37µm
_2239_,36.32µm
_0766_,36.31µm
_1789_,36.22µm
_1659_,36.195µm
_1599_,36.14µm
_1802_,36.105µm
_2350_,36.02µm
_1379_,36.01µm
_1681_,36µm
_1726_,35.94µm
u_mac_1.temp_res\[7\],35.77µm
res_index\[5\],35.725µm
_1871_,35.61µm
_2160_,35.58µm
_2063_,35.25µm
_2381_,35.1µm
net737,35.055µm
u_input_buffer.mem\[19\]\[5\],35.005µm
_1734_,34.93µm
_2488_,34.81µm
read_index\[1\],34.755µm
_1054_,34.735µm
_1557_,34.7µm
_2251_,34.655µm
_0030_,34.57µm
_1623_,34.56µm
_0036_,34.51µm
_1655_,34.44µm
_1459_,34.33µm
_0318_,34.23µm
res_index\[8\],34.2µm
_1969_,34.185µm
_1829_,34.08µm
_1777_,34.02µm
_1497_,33.84µm
u_mac_3.temp_res\[3\],33.645µm
_1280_,33.62µm
_0842_,33.49µm
_2455_,33.43µm
u_input_buffer.mem\[19\]\[6\],33.36µm
u_mac_3.temp_res\[14\],33.26µm
_1086_,33.185µm
_1481_,33.145µm
_2147_,33.07µm
_0995_,33.06µm
_1853_,33.06µm
_1562_,32.97µm
_2345_,32.825µm
_0774_,32.77µm
u_input_buffer.mem\[23\]\[5\],32.77µm
net694,32.68µm
_2330_,32.67µm
u_input_buffer.mem\[0\]\[2\],32.665µm
_0821_,32.64µm
_1462_,32.58µm
res_index\[6\],32.565µm
_1030_,32.475µm
_0605_,32.41µm
_2042_,32.41µm
_2198_,32.34µm
u_mac_1.temp_res\[9\],32.245µm
_2387_,32.23µm
_1186_,32.11µm
_2412_,32µm
_1424_,31.93µm
_1605_,31.93µm
_2476_,31.925µm
_1276_,31.81µm
_1731_,31.8µm
_2230_,31.785µm
_1337_,31.76µm
net589,31.76µm
_0785_,31.69µm
_1287_,31.585µm
_1500_,31.56µm
_1622_,31.56µm
_2224_,31.53µm
u_input_buffer.mem\[17\]\[3\],31.46µm
_1788_,31.44µm
_2394_,31.435µm
_2312_,31.35µm
u_input_buffer.mem\[9\]\[3\],31.345µm
_1005_,31.26µm
_1489_,31.26µm
_0440_,31.22µm
_0989_,31.14µm
_1638_,31.14µm
_1458_,31.135µm
_1770_,31.07µm
_2210_,31.045µm
u_input_buffer.mem\[11\]\[6\],31.045µm
_0880_,30.785µm
_0473_,30.72µm
_1742_,30.625µm
_0795_,30.62µm
u_mac_3.temp_res\[13\],30.62µm
_1907_,30.485µm
_0954_,30.42µm
read_shift\[9\],30.3µm
_1531_,30.125µm
_1247_,30.12µm
u_input_buffer.mem\[14\]\[7\],30.115µm
_1305_,30.07µm
_2216_,30.06µm
u_input_buffer.mem\[5\]\[7\],30.01µm
_1942_,30µm
u_input_buffer.mem\[26\]\[1\],29.995µm
_1390_,29.88µm
_1240_,29.78µm
u_input_buffer.mem\[27\]\[7\],29.76µm
u_input_buffer.mem\[6\]\[3\],29.71µm
_2281_,29.685µm
_2135_,29.65µm
_2016_,29.55µm
ram_addr\[2\],29.43µm
_1723_,29.405µm
_0417_,29.385µm
_1048_,29.28µm
u_input_buffer.mem\[9\]\[4\],29.265µm
_1087_,29.12µm
_1262_,28.98µm
net1218,28.98µm
net1230,28.945µm
_0840_,28.93µm
_1792_,28.82µm
u_mac_1.temp_res\[11\],28.82µm
_2552_,28.81µm
_2266_,28.8µm
_0904_,28.58µm
_1265_,28.51µm
_1069_,28.47µm
_1760_,28.36µm
_1157_,28.28µm
_1439_,28.225µm
_1289_,28.21µm
_1181_,28.1µm
_1007_,28.065µm
net600,28.05µm
_1140_,28.02µm
_1404_,27.97µm
input_data[0],27.96µm
_1475_,27.9µm
_1560_,27.9µm
net729,27.795µm
_1850_,27.79µm
_1315_,27.75µm
_1080_,27.715µm
_2384_,27.68µm
_2553_,27.62µm
_1129_,27.61µm
_0897_,27.475µm
_2358_,27.38µm
_1145_,27.36µm
_1270_,27.36µm
_1340_,27.36µm
u_input_buffer.mem\[14\]\[6\],27.31µm
_1090_,27.295µm
_1870_,27.27µm
_0876_,27.26µm
u_mac_2.temp_res\[3\],27.25µm
_2193_,27.12µm
u_input_buffer.mem\[1\]\[7\],27.025µm
_2275_,26.995µm
_2535_,26.985µm
net1068,26.905µm
_0781_,26.89µm
_1691_,26.89µm
u_input_buffer.mem\[30\]\[1\],26.88µm
ram_addr\[1\],26.875µm
_1350_,26.77µm
_1989_,26.76µm
u_input_buffer.mem\[21\]\[1\],26.71µm
_2120_,26.68µm
_1863_,26.66µm
res_index\[4\],26.58µm
u_input_buffer.mem\[8\]\[3\],26.515µm
_0765_,26.495µm
_1505_,26.415µm
_2126_,26.36µm
u_input_buffer.mem\[20\]\[6\],26.355µm
_2254_,26.345µm
ram_addr\[0\],26.31µm
_1168_,26.305µm
u_mac_3.temp_res\[17\],26.29µm
u_mac_2.temp_res\[0\],26.22µm
_0957_,26.17µm
_1730_,26.16µm
_2152_,26.11µm
_0742_,26.1µm
_1644_,26.04µm
_1831_,26.04µm
_2340_,25.94µm
u_ctrl.k_cnt\[2\],25.83µm
_0915_,25.76µm
_0438_,25.74µm
_0532_,25.74µm
_1141_,25.695µm
_1849_,25.66µm
net1144,25.63µm
_1666_,25.62µm
u_input_buffer.mem\[15\]\[4\],25.62µm
_1302_,25.57µm
_1791_,25.57µm
_0806_,25.545µm
_1722_,25.485µm
net624,25.485µm
_0782_,25.38µm
_0940_,25.375µm
_1113_,25.32µm
_1674_,25.32µm
_1516_,25.235µm
u_ctrl.input_cnt\[1\],25.21µm
_1035_,25.2µm
_1456_,25.155µm
u_input_buffer.mem\[10\]\[0\],25.155µm
_2138_,25.15µm
_0783_,25.135µm
_1493_,25.13µm
_1075_,25.12µm
_1216_,25.11µm
_1753_,25.1µm
_2049_,25.095µm
_1485_,24.845µm
_1544_,24.775µm
_0762_,24.725µm
_1724_,24.7µm
_0770_,24.67µm
_2093_,24.63µm
_2489_,24.505µm
_1912_,24.495µm
_1243_,24.49µm
_0922_,24.415µm
clknet_1_0__leaf_clk,24.28µm
_1855_,24.24µm
_2108_,24.235µm
_2066_,24.225µm
u_input_buffer.mem\[14\]\[4\],24.225µm
net1113,24.19µm
_2206_,24.14µm
u_input_buffer.mem\[28\]\[2\],24.12µm
_1759_,24.1µm
rom_addr\[3\],24.095µm
net851,24.075µm
_1281_,24.03µm
_2221_,24µm
_2351_,23.99µm
u_input_buffer.mem\[21\]\[6\],23.95µm
_2245_,23.9µm
_1419_,23.88µm
_1885_,23.695µm
_0837_,23.64µm
_1272_,23.545µm
_1707_,23.54µm
_2511_,23.53µm
_2517_,23.53µm
_1376_,23.52µm
_2277_,23.49µm
_1547_,23.48µm
_0877_,23.4µm
res_index\[1\],23.395µm
_2172_,23.34µm
_0559_,23.3µm
_0771_,23.3µm
_0788_,23.29µm
net1254,23.23µm
_2228_,23.22µm
_0802_,23.215µm
u_mac_4.temp_res\[14\],23.17µm
_1878_,23.125µm
_1890_,23.1µm
_2322_,23.05µm
_0924_,23.005µm
_1077_,23.005µm
_1766_,22.99µm
_2021_,22.99µm
res_index\[2\],22.94µm
_1139_,22.9µm
_1409_,22.89µm
u_input_buffer.mem\[11\]\[0\],22.88µm
_2457_,22.87µm
_0437_,22.865µm
u_mac_2.temp_res\[17\],22.84µm
u_mac_1.temp_res\[2\],22.82µm
_0978_,22.81µm
_0983_,22.8µm
_1543_,22.77µm
_2260_,22.645µm
u_mac_3.temp_res\[11\],22.645µm
_0381_,22.57µm
_1360_,22.57µm
_2371_,22.57µm
_0959_,22.53µm
_2174_,22.51µm
_0903_,22.45µm
u_input_buffer.mem\[10\]\[6\],22.45µm
_2204_,22.405µm
_2341_,22.4µm
u_input_buffer.mem\[2\]\[1\],22.38µm
net1027,22.365µm
_1869_,22.33µm
_1814_,22.315µm
u_input_buffer.mem\[23\]\[0\],22.28µm
_1809_,22.26µm
_1114_,22.22µm
_1709_,22.22µm
net1277,22.22µm
_1679_,22.21µm
_2165_,22.21µm
input_data[5],22.2µm
u_mac_3.temp_res\[5\],22.2µm
_1494_,22.185µm
_1012_,22.11µm
net112,22.11µm
_2100_,21.99µm
_1967_,21.985µm
_2047_,21.97µm
u_input_buffer.mem\[21\]\[4\],21.97µm
_0813_,21.96µm
_1469_,21.96µm
_2040_,21.96µm
u_input_buffer.mem\[9\]\[2\],21.96µm
u_input_buffer.mem\[27\]\[0\],21.925µm
net1267,21.91µm
u_input_buffer.mem\[31\]\[5\],21.875µm
_2163_,21.87µm
_2215_,21.85µm
_1375_,21.84µm
_1879_,21.84µm
_1923_,21.83µm
_1143_,21.79µm
_1183_,21.78µm
_1099_,21.745µm
_0818_,21.74µm
_1881_,21.74µm
_1535_,21.73µm
_1747_,21.715µm
_1098_,21.71µm
_1862_,21.67µm
u_input_buffer.mem\[21\]\[7\],21.67µm
_1062_,21.64µm
_2209_,21.62µm
_0550_,21.61µm
_2344_,21.61µm
_0787_,21.6µm
_1428_,21.6µm
u_input_buffer.mem\[30\]\[7\],21.6µm
_1137_,21.56µm
net1274,21.555µm
_0431_,21.55µm
_1037_,21.445µm
_1657_,21.42µm
_2214_,21.42µm
_2187_,21.4µm
_1718_,21.37µm
_1474_,21.345µm
_2011_,21.31µm
_2018_,21.255µm
input_data[1],21.24µm
_2328_,21.225µm
_0964_,21.21µm
_0397_,21.165µm
_1295_,21.15µm
u_input_buffer.mem\[31\]\[0\],21.145µm
_1746_,21.14µm
_1798_,21.14µm
_1688_,21.115µm
_0974_,21.025µm
u_input_buffer.mem\[19\]\[1\],21.01µm
_1152_,21µm
_2175_,21µm
u_input_buffer.mem\[11\]\[2\],20.96µm
_2550_,20.94µm
_1368_,20.935µm
_1212_,20.905µm
u_input_buffer.mem\[1\]\[5\],20.88µm
read_index\[7\],20.875µm
_1910_,20.85µm
u_input_buffer.mem\[9\]\[6\],20.83µm
_0183_,20.77µm
_2161_,20.73µm
_0769_,20.725µm
_0268_,20.58µm
_0909_,20.53µm
_1839_,20.53µm
_2129_,20.52µm
_2360_,20.52µm
_2082_,20.515µm
net809,20.47µm
_1755_,20.455µm
_2065_,20.375µm
_1971_,20.35µm
u_input_buffer.mem\[14\]\[3\],20.35µm
_1051_,20.315µm
net63,20.31µm
_2324_,20.3µm
_2331_,20.29µm
u_input_buffer.mem\[3\]\[4\],20.29µm
input_data[2],20.28µm
_0819_,20.19µm
net94,20.185µm
_2189_,20.18µm
net1206,20.18µm
_1526_,20.17µm
net1129,20.13µm
net1250,20.12µm
_2180_,20.075µm
_1454_,20.07µm
u_mac_4.temp_res\[13\],20µm
net1123,19.93µm
_0969_,19.895µm
net96,19.88µm
_1717_,19.86µm
_1790_,19.86µm
net1275,19.86µm
_2389_,19.825µm
u_input_buffer.mem\[1\]\[1\],19.825µm
net1199,19.81µm
_1110_,19.8µm
u_input_buffer.mem\[20\]\[4\],19.775µm
net554,19.775µm
net1261,19.74µm
u_mac_1.temp_res\[1\],19.7µm
_1408_,19.695µm
_2332_,19.665µm
net1146,19.665µm
_1323_,19.645µm
net844,19.58µm
u_mac_4.temp_res\[3\],19.57µm
_0764_,19.56µm
_1363_,19.51µm
_2225_,19.505µm
u_input_buffer.mem\[4\]\[7\],19.505µm
u_ctrl.input_cnt\[4\],19.465µm
_0695_,19.45µm
_1096_,19.45µm
_1958_,19.45µm
u_input_buffer.mem\[31\]\[6\],19.45µm
net1220,19.45µm
_0588_,19.39µm
_2439_,19.39µm
_0864_,19.38µm
_1797_,19.38µm
net28,19.37µm
net1035,19.355µm
u_input_buffer.mem\[25\]\[2\],19.35µm
_0872_,19.34µm
_2167_,19.34µm
u_input_buffer.mem\[18\]\[1\],19.33µm
input_data[7],19.32µm
_1470_,19.29µm
_2465_,19.27µm
u_input_buffer.mem\[15\]\[6\],19.26µm
net26,19.23µm
_1045_,19.21µm
_1112_,19.21µm
u_input_buffer.mem\[10\]\[7\],19.16µm
_2423_,19.155µm
_2181_,19.15µm
u_input_buffer.mem\[1\]\[0\],19.15µm
_1957_,19.08µm
u_input_buffer.mem\[18\]\[5\],19.075µm
_1286_,19.03µm
_1385_,19.02µm
u_mac_3.temp_res\[1\],19.02µm
_0953_,18.99µm
_2416_,18.985µm
_1579_,18.98µm
_2426_,18.98µm
_2030_,18.96µm
_2321_,18.96µm
_1412_,18.93µm
_0768_,18.92µm
net522,18.91µm
net1228,18.91µm
res_index\[3\],18.9µm
net1195,18.9µm
_2238_,18.865µm
_1632_,18.85µm
_2157_,18.84µm
_1962_,18.79µm
_1843_,18.775µm
_1358_,18.745µm
_2366_,18.73µm
u_input_buffer.mem\[9\]\[7\],18.715µm
_1758_,18.705µm
_2027_,18.66µm
_2188_,18.61µm
_2192_,18.61µm
_1127_,18.605µm
_1314_,18.6µm
_2482_,18.595µm
net1162,18.585µm
_0684_,18.55µm
net997,18.55µm
_1253_,18.54µm
_2256_,18.535µm
net25,18.53µm
net22,18.51µm
_1214_,18.49µm
_1948_,18.49µm
_1523_,18.48µm
_2508_,18.48µm
_2526_,18.48µm
net62,18.47µm
_2195_,18.445µm
u_input_buffer.mem\[20\]\[7\],18.445µm
u_input_buffer.mem\[5\]\[5\],18.43µm
net1210,18.39µm
_0881_,18.385µm
u_input_buffer.mem\[14\]\[1\],18.37µm
_1970_,18.32µm
_1626_,18.31µm
u_input_buffer.mem\[5\]\[4\],18.25µm
_2154_,18.24µm
_1405_,18.18µm
_1312_,18.165µm
net23,18.15µm
u_input_buffer.mem\[25\]\[7\],18.145µm
u_input_buffer.mem\[17\]\[0\],18.12µm
_0828_,18.115µm
_0724_,18.07µm
_2142_,18.07µm
u_input_buffer.mem\[12\]\[7\],18.07µm
net1161,18.07µm
_0449_,18.06µm
u_input_buffer.mem\[16\]\[0\],18.06µm
_0982_,18.025µm
_1555_,18.02µm
_1864_,18.02µm
_1006_,18.01µm
_1068_,17.995µm
net1202,17.995µm
_1251_,17.96µm
net1226,17.96µm
u_input_buffer.mem\[20\]\[5\],17.955µm
_2119_,17.9µm
_2523_,17.89µm
_1134_,17.88µm
net21,17.87µm
_2118_,17.84µm
_1533_,17.83µm
_2257_,17.795µm
_1536_,17.76µm
net1215,17.745µm
_1136_,17.72µm
_1418_,17.72µm
_0320_,17.7µm
_1917_,17.68µm
net1169,17.675µm
net1208,17.665µm
_0681_,17.65µm
_0902_,17.65µm
_1333_,17.65µm
_1463_,17.65µm
u_input_buffer.mem\[28\]\[0\],17.65µm
_1338_,17.62µm
net1181,17.58µm
u_input_buffer.mem\[22\]\[7\],17.575µm
_2479_,17.57µm
_1061_,17.53µm
_1947_,17.53µm
net1089,17.53µm
_1116_,17.52µm
_2504_,17.52µm
_1293_,17.515µm
net1273,17.495µm
_0261_,17.47µm
read_ram,17.47µm
u_input_buffer.mem\[16\]\[5\],17.455µm
net97,17.43µm
net1239,17.42µm
_1279_,17.41µm
_1645_,17.41µm
u_ctrl.input_cnt\[3\],17.41µm
_1833_,17.405µm
input_data[3],17.4µm
input_data[4],17.4µm
input_data[6],17.4µm
_1551_,17.37µm
_1013_,17.36µm
_2178_,17.355µm
_2316_,17.295µm
_0981_,17.265µm
_0985_,17.265µm
_1441_,17.23µm
net1270,17.23µm
u_input_buffer.mem\[27\]\[4\],17.22µm
_1002_,17.215µm
net24,17.19µm
_0444_,17.17µm
_2191_,17.16µm
_0625_,17.15µm
_2068_,17.13µm
u_mac_4.temp_res\[1\],17.12µm
read_index\[2\],17.11µm
_2240_,17.06µm
_0312_,17.05µm
_2493_,17.05µm
_0851_,17.04µm
_1668_,17.04µm
start,16.98µm
u_input_buffer.mem\[9\]\[1\],16.98µm
_1018_,16.975µm
net1008,16.945µm
_1914_,16.94µm
_2287_,16.935µm
net288,16.93µm
_1597_,16.915µm
_2500_,16.905µm
_2098_,16.89µm
u_input_buffer.mem\[10\]\[2\],16.87µm
_0596_,16.86µm
_1167_,16.86µm
u_input_buffer.mem\[17\]\[7\],16.845µm
_1373_,16.81µm
net1180,16.81µm
_2159_,16.74µm
net1098,16.74µm
u_input_buffer.mem\[24\]\[1\],16.71µm
u_input_buffer.mem\[22\]\[0\],16.69µm
u_input_buffer.mem\[26\]\[5\],16.69µm
_1502_,16.68µm
_1893_,16.68µm
_2361_,16.68µm
u_input_buffer.mem\[26\]\[0\],16.68µm
_0933_,16.66µm
_1095_,16.63µm
_1940_,16.62µm
_2264_,16.62µm
u_input_buffer.mem\[26\]\[3\],16.575µm
_1050_,16.57µm
u_input_buffer.mem\[1\]\[3\],16.57µm
_2529_,16.56µm
u_input_buffer.mem\[18\]\[2\],16.56µm
_1567_,16.525µm
_2111_,16.52µm
_0529_,16.51µm
_0810_,16.51µm
_2334_,16.495µm
u_input_buffer.mem\[5\]\[2\],16.465µm
_2090_,16.45µm
u_input_buffer.mem\[1\]\[2\],16.445µm
_0716_,16.44µm
_1366_,16.44µm
_1580_,16.44µm
_1038_,16.4µm
_1160_,16.4µm
_2335_,16.35µm
_0181_,16.33µm
_0649_,16.32µm
u_input_buffer.mem\[10\]\[3\],16.32µm
u_ctrl.state\[1\],16.27µm
_1206_,16.26µm
_1370_,16.26µm
_1913_,16.26µm
_2347_,16.235µm
_1472_,16.225µm
_2242_,16.225µm
_2288_,16.22µm
_0151_,16.21µm
_2186_,16.21µm
net490,16.21µm
read_data_out[4],16.21µm
read_data_out[6],16.21µm
read_data_out[8],16.21µm
_2213_,16.2µm
_1031_,16.195µm
net95,16.19µm
_0044_,16.185µm
res_index\[7\],16.15µm
net1246,16.15µm
net1249,16.15µm
finish,16.14µm
net1229,16.14µm
_1991_,16.115µm
_1781_,16.105µm
_1945_,16.105µm
_0042_,16.1µm
_1449_,16.1µm
_1083_,16.09µm
u_input_buffer.mem\[8\]\[5\],16.09µm
_2270_,16.085µm
_2133_,16.08µm
net98,16.07µm
_0934_,15.99µm
_2170_,15.98µm
_2317_,15.98µm
_1911_,15.96µm
u_input_buffer.mem\[23\]\[7\],15.935µm
_1164_,15.93µm
_1552_,15.92µm
_0148_,15.91µm
_1074_,15.91µm
_0104_,15.9µm
_2048_,15.885µm
_2458_,15.85µm
_1865_,15.81µm
_0895_,15.79µm
net1033,15.79µm
net1279,15.79µm
_0734_,15.78µm
_2136_,15.78µm
u_input_buffer.mem\[29\]\[4\],15.78µm
u_input_buffer.mem\[24\]\[5\],15.76µm
net1163,15.74µm
_0121_,15.72µm
_0485_,15.72µm
_1025_,15.72µm
_2208_,15.72µm
net354,15.72µm
net1217,15.715µm
_1108_,15.695µm
net1179,15.68µm
_0551_,15.67µm
u_input_buffer.mem\[13\]\[1\],15.64µm
_1435_,15.62µm
_1343_,15.61µm
u_input_buffer.mem\[2\]\[4\],15.61µm
_0445_,15.6µm
_0102_,15.59µm
_1830_,15.56µm
_0521_,15.55µm
_0988_,15.55µm
u_input_buffer.mem\[29\]\[0\],15.55µm
_1601_,15.51µm
_0831_,15.5µm
_1185_,15.5µm
_1532_,15.5µm
_1389_,15.49µm
u_input_buffer.mem\[0\]\[3\],15.49µm
_0990_,15.485µm
_1122_,15.475µm
u_ctrl.input_cnt\[0\],15.47µm
_2310_,15.45µm
_0172_,15.42µm
_0972_,15.42µm
_2200_,15.4µm
_2278_,15.385µm
_1427_,15.38µm
_0177_,15.37µm
_0939_,15.325µm
_0966_,15.31µm
_1640_,15.3µm
_2432_,15.3µm
u_input_buffer.mem\[23\]\[6\],15.3µm
_2521_,15.285µm
_1805_,15.255µm
_1320_,15.25µm
_1170_,15.24µm
_1545_,15.24µm
_2039_,15.24µm
_2202_,15.24µm
_2314_,15.24µm
_1819_,15.22µm
net506,15.21µm
_1415_,15.195µm
_2176_,15.19µm
_2293_,15.19µm
u_input_buffer.mem\[8\]\[0\],15.19µm
_0474_,15.18µm
_2368_,15.18µm
_2252_,15.17µm
_2311_,15.15µm
_1930_,15.14µm
u_input_buffer.mem\[30\]\[3\],15.14µm
_1392_,15.13µm
u_input_buffer.mem\[11\]\[4\],15.13µm
u_input_buffer.mem\[14\]\[2\],15.13µm
u_input_buffer.mem\[7\]\[2\],15.13µm
net548,15.13µm
net1106,15.13µm
_2545_,15.12µm
u_input_buffer.mem\[20\]\[2\],15.115µm
_2262_,15.095µm
_0314_,15.07µm
_1357_,15.07µm
u_input_buffer.mem\[24\]\[4\],15.07µm
u_input_buffer.mem\[0\]\[1\],15.055µm
net503,15.03µm
_1372_,15.01µm
net1224,15.01µm
_2121_,15µm
net501,14.97µm
_0443_,14.94µm
net1054,14.94µm
u_input_buffer.mem\[4\]\[4\],14.935µm
_2490_,14.905µm
_1854_,14.9µm
_0374_,14.83µm
_2130_,14.83µm
net919,14.83µm
_1347_,14.82µm
u_input_buffer.mem\[23\]\[4\],14.82µm
_1162_,14.79µm
net504,14.79µm
net521,14.79µm
_2290_,14.785µm
_0752_,14.78µm
_1495_,14.78µm
_1922_,14.78µm
net437,14.77µm
net502,14.77µm
u_input_buffer.mem\[25\]\[3\],14.76µm
net1263,14.76µm
_0689_,14.71µm
_1322_,14.71µm
_0161_,14.7µm
_1916_,14.695µm
net1177,14.675µm
_0101_,14.65µm
u_input_buffer.mem\[30\]\[6\],14.65µm
_2441_,14.645µm
_1332_,14.64µm
_1729_,14.64µm
_1823_,14.64µm
u_input_buffer.mem\[22\]\[4\],14.615µm
_0027_,14.58µm
_2244_,14.58µm
net1135,14.575µm
net496,14.53µm
net510,14.53µm
u_input_buffer.mem\[14\]\[5\],14.53µm
_0945_,14.52µm
net526,14.505µm
net489,14.49µm
net515,14.49µm
net494,14.45µm
net508,14.45µm
net520,14.45µm
_1689_,14.445µm
_1908_,14.425µm
_1838_,14.42µm
_2113_,14.42µm
u_input_buffer.mem\[10\]\[5\],14.42µm
_2373_,14.41µm
net499,14.41µm
net513,14.41µm
_2141_,14.4µm
net78,14.395µm
_0442_,14.35µm
_1448_,14.35µm
_1905_,14.35µm
u_input_buffer.mem\[4\]\[5\],14.35µm
_0617_,14.34µm
_0937_,14.31µm
net492,14.31µm
net497,14.31µm
net511,14.31µm
net518,14.31µm
_0403_,14.29µm
_1585_,14.29µm
_2279_,14.29µm
_2379_,14.29µm
net516,14.29µm
_0750_,14.28µm
u_input_buffer.mem\[2\]\[7\],14.275µm
net1245,14.275µm
_1519_,14.26µm
net495,14.25µm
net509,14.25µm
_0322_,14.23µm
_0501_,14.23µm
u_input_buffer.mem\[21\]\[2\],14.23µm
u_input_buffer.mem\[17\]\[6\],14.22µm
net500,14.21µm
net514,14.21µm
_0150_,14.18µm
_1032_,14.18µm
net280,14.17µm
net493,14.17µm
net507,14.17µm
net519,14.17µm
u_input_buffer.mem\[22\]\[1\],14.17µm
_1149_,14.16µm
_1193_,14.16µm
net165,14.16µm
net403,14.16µm
_1436_,14.135µm
_1934_,14.12µm
u_mac_3.temp_res\[0\],14.12µm
_0319_,14.1µm
_1133_,14.1µm
net491,14.07µm
net498,14.07µm
net505,14.07µm
net512,14.07µm
net517,14.07µm
_0733_,14.065µm
_1738_,14.06µm
_1808_,14.06µm
_0987_,14.05µm
u_input_buffer.mem\[5\]\[0\],14.025µm
_1284_,13.93µm
net103,13.93µm
net878,13.93µm
net1171,13.93µm
_1577_,13.92µm
u_input_buffer.mem\[7\]\[6\],13.92µm
net870,13.92µm
_2134_,13.87µm
net1221,13.87µm
_1059_,13.86µm
_2494_,13.86µm
_1896_,13.845µm
net101,13.83µm
net108,13.83µm
_1518_,13.82µm
u_input_buffer.mem\[13\]\[4\],13.82µm
_0197_,13.81µm
_0221_,13.81µm
_0295_,13.81µm
_0653_,13.81µm
_2453_,13.81µm
net106,13.81µm
u_input_buffer.mem\[28\]\[5\],13.81µm
net1112,13.81µm
net1283,13.81µm
_1100_,13.8µm
_1490_,13.795µm
_1694_,13.795µm
net99,13.77µm
net111,13.77µm
u_input_buffer.mem\[17\]\[4\],13.76µm
_0180_,13.75µm
_2296_,13.75µm
_1772_,13.74µm
_2450_,13.735µm
_0049_,13.73µm
_0916_,13.73µm
net104,13.73µm
u_input_buffer.mem\[6\]\[0\],13.73µm
u_mac_4.temp_res\[4\],13.705µm
_1961_,13.7µm
_2173_,13.7µm
net1276,13.7µm
_0763_,13.69µm
_0849_,13.69µm
_2555_,13.69µm
net294,13.69µm
net109,13.69µm
u_input_buffer.mem\[21\]\[3\],13.69µm
u_input_buffer.mem\[7\]\[0\],13.69µm
net1212,13.69µm
_1529_,13.68µm
_2495_,13.68µm
_2183_,13.64µm
_0160_,13.63µm
_1073_,13.63µm
_1665_,13.63µm
_2475_,13.63µm
_1909_,13.625µm
_1749_,13.59µm
net27,13.59µm
net102,13.59µm
net107,13.59µm
u_input_buffer.mem\[17\]\[5\],13.59µm
_0912_,13.58µm
net100,13.57µm
_0775_,13.56µm
_0857_,13.545µm
net105,13.53µm
_0215_,13.51µm
_2182_,13.51µm
net942,13.51µm
net951,13.51µm
_1057_,13.5µm
net110,13.49µm
_2474_,13.485µm
u_mac_4.temp_res\[5\],13.45µm
_0145_,13.44µm
_1201_,13.44µm
_2089_,13.41µm
_0569_,13.39µm
_0907_,13.39µm
_1369_,13.39µm
net1096,13.39µm
_1023_,13.38µm
_1817_,13.38µm
_1576_,13.375µm
net51,13.35µm
net56,13.35µm
_1210_,13.335µm
_0013_,13.33µm
_1300_,13.33µm
_1698_,13.33µm
_2378_,13.33µm
net972,13.33µm
net1232,13.33µm
_0399_,13.32µm
_1386_,13.32µm
_1444_,13.32µm
_2393_,13.32µm
net49,13.315µm
net61,13.315µm
_1318_,13.31µm
_2010_,13.31µm
_1708_,13.3µm
net54,13.275µm
_0185_,13.27µm
_1528_,13.27µm
u_input_buffer.mem\[15\]\[0\],13.27µm
net1266,13.27µm
u_mac_4.temp_res\[0\],13.26µm
_2534_,13.255µm
net47,13.235µm
net59,13.235µm
net1158,13.235µm
_0936_,13.22µm
_0210_,13.21µm
_2179_,13.21µm
u_input_buffer.mem\[2\]\[6\],13.21µm
u_input_buffer.mem\[8\]\[1\],13.21µm
_0265_,13.2µm
_1313_,13.2µm
_1697_,13.2µm
_1762_,13.2µm
_2397_,13.2µm
_2462_,13.2µm
net304,13.2µm
net376,13.2µm
_1482_,13.195µm
net52,13.195µm
u_input_buffer.mem\[12\]\[1\],13.195µm
_1191_,13.165µm
read_index\[5\],13.15µm
net1240,13.145µm
u_input_buffer.mem\[9\]\[5\],13.135µm
net50,13.11µm
net57,13.11µm
_0917_,13.105µm
u_input_buffer.mem\[24\]\[0\],13.105µm
_1000_,13.1µm
_1316_,13.1µm
_2199_,13.1µm
_2410_,13.1µm
_1422_,13.09µm
_1447_,13.09µm
_1542_,13.09µm
_1700_,13.09µm
u_input_buffer.mem\[3\]\[3\],13.08µm
_2124_,13.075µm
net55,13.075µm
_0534_,13.065µm
_1664_,13.065µm
net48,13.035µm
net60,13.035µm
u_input_buffer.mem\[17\]\[2\],13.03µm
net53,12.995µm
_2460_,12.98µm
_1423_,12.97µm
net968,12.96µm
net46,12.955µm
net58,12.955µm
_0628_,12.91µm
net874,12.91µm
net1104,12.91µm
_0759_,12.9µm
u_input_buffer.mem\[20\]\[1\],12.9µm
u_input_buffer.mem\[31\]\[2\],12.9µm
net85,12.865µm
_0220_,12.85µm
_1142_,12.85µm
_2062_,12.85µm
_1200_,12.84µm
_0721_,12.835µm
_1336_,12.835µm
net69,12.835µm
net44,12.825µm
net90,12.825µm
net74,12.795µm
_0099_,12.79µm
_0753_,12.79µm
_1712_,12.79µm
_2349_,12.79µm
u_input_buffer.mem\[4\]\[6\],12.79µm
net1097,12.79µm
net83,12.785µm
_1944_,12.78µm
_1946_,12.78µm
_2274_,12.78µm
_0382_,12.765µm
net67,12.755µm
_0938_,12.745µm
_1473_,12.745µm
net42,12.745µm
net88,12.745µm
_1060_,12.735µm
u_input_buffer.mem\[6\]\[1\],12.73µm
_1799_,12.72µm
net72,12.715µm
u_input_buffer.mem\[23\]\[1\],12.685µm
net1185,12.68µm
_1329_,12.67µm
_1794_,12.67µm
u_input_buffer.mem\[12\]\[3\],12.66µm
u_input_buffer.mem\[2\]\[2\],12.66µm
_0167_,12.65µm
net45,12.63µm
net65,12.63µm
net70,12.63µm
net77,12.63µm
net79,12.63µm
net81,12.63µm
net86,12.63µm
net93,12.63µm
net91,12.625µm
_2427_,12.62µm
_2470_,12.62µm
_0882_,12.61µm
_2319_,12.61µm
net397,12.61µm
_0894_,12.6µm
net75,12.595µm
u_input_buffer.mem\[28\]\[3\],12.595µm
_0055_,12.585µm
net84,12.585µm
_1089_,12.57µm
_1036_,12.565µm
_1321_,12.56µm
net68,12.555µm
_0128_,12.55µm
net43,12.545µm
net89,12.545µm
_1806_,12.54µm
net29,12.53µm
net73,12.515µm
_2363_,12.51µm
_1868_,12.505µm
net82,12.505µm
_0892_,12.495µm
_1254_,12.49µm
_1538_,12.49µm
u_input_buffer.mem\[19\]\[0\],12.49µm
_0195_,12.48µm
_0592_,12.48µm
_1115_,12.48µm
_2194_,12.48µm
_2241_,12.48µm
net66,12.475µm
_0043_,12.43µm
_0692_,12.43µm
_1654_,12.43µm
net1004,12.43µm
net865,12.42µm
_1821_,12.415µm
_2117_,12.415µm
net32,12.39µm
net39,12.39µm
net64,12.39µm
net71,12.39µm
net76,12.39µm
net80,12.39µm
net87,12.39µm
net92,12.39µm
_1606_,12.37µm
net908,12.37µm
net1255,12.37µm
_1380_,12.36µm
net34,12.355µm
_0296_,12.35µm
_0858_,12.32µm
net1192,12.32µm
net41,12.315µm
u_input_buffer.mem\[0\]\[0\],12.315µm
_0519_,12.31µm
_1189_,12.31µm
_2043_,12.31µm
net37,12.305µm
_1847_,12.295µm
net36,12.275µm
net30,12.265µm
_1011_,12.26µm
_1017_,12.26µm
net1222,12.26µm
_1993_,12.25µm
u_input_buffer.mem\[15\]\[2\],12.25µm
net1280,12.25µm
_2116_,12.24µm
net383,12.24µm
net406,12.24µm
net414,12.24µm
net31,12.235µm
u_input_buffer.mem\[11\]\[5\],12.215µm
u_input_buffer.mem\[20\]\[0\],12.215µm
_0875_,12.2µm
_1128_,12.2µm
_1217_,12.2µm
_1377_,12.195µm
_0174_,12.19µm
_0540_,12.19µm
_1055_,12.19µm
_1371_,12.19µm
_1607_,12.18µm
_1744_,12.175µm
net33,12.15µm
net35,12.15µm
net38,12.15µm
net40,12.15µm
net1166,12.15µm
_0784_,12.14µm
_1842_,12.14µm
net186,12.14µm
net1172,12.14µm
_1877_,12.135µm
_0827_,12.13µm
_2146_,12.13µm
u_input_buffer.mem\[5\]\[3\],12.13µm
_0231_,12.12µm
net1282,12.1µm
net1238,12.09µm
_0213_,12.07µm
u_input_buffer.mem\[17\]\[1\],12.07µm
u_input_buffer.mem\[1\]\[6\],12.07µm
u_input_buffer.mem\[8\]\[2\],12.07µm
u_input_buffer.mem\[27\]\[5\],12.065µm
_1221_,12.06µm
_0284_,12.02µm
_1776_,12.02µm
_0176_,12.01µm
_0466_,12.01µm
_0623_,12µm
_2343_,12µm
_2520_,12µm
u_input_buffer.mem\[26\]\[4\],12µm
_1020_,11.985µm
_1479_,11.96µm
_0324_,11.95µm
_0658_,11.95µm
_0962_,11.95µm
_2491_,11.95µm
u_input_buffer.mem\[13\]\[3\],11.95µm
_0097_,11.94µm
_0488_,11.94µm
_0552_,11.94µm
_0832_,11.94µm
_2002_,11.94µm
net988,11.94µm
_2415_,11.935µm
_0861_,11.9µm
_0085_,11.89µm
_0207_,11.89µm
_1465_,11.89µm
_1856_,11.89µm
net123,11.89µm
net524,11.89µm
net525,11.89µm
_2243_,11.88µm
read_index\[8\],11.815µm
_1356_,11.79µm
_1166_,11.78µm
net1271,11.78µm
_0601_,11.775µm
_2325_,11.77µm
net163,11.77µm
u_input_buffer.mem\[13\]\[6\],11.77µm
_0970_,11.76µm
net265,11.76µm
net375,11.76µm
_0797_,11.755µm
_1325_,11.755µm
_0072_,11.71µm
u_input_buffer.mem\[0\]\[5\],11.71µm
_1515_,11.695µm
_0483_,11.66µm
_1367_,11.66µm
_1584_,11.66µm
u_mac_1.temp_res\[10\],11.66µm
_1044_,11.65µm
_2519_,11.65µm
_0163_,11.64µm
_0216_,11.64µm
_1539_,11.64µm
_0109_,11.59µm
_0111_,11.59µm
_0980_,11.58µm
_1126_,11.53µm
net568,11.53µm
net1040,11.53µm
net1107,11.53µm
_0307_,11.52µm
_1571_,11.52µm
_1752_,11.52µm
_0011_,11.47µm
_0305_,11.47µm
_0590_,11.47µm
_1282_,11.47µm
net556,11.47µm
net1108,11.47µm
_0301_,11.46µm
_0693_,11.46µm
_1008_,11.455µm
net194,11.445µm
_0112_,11.41µm
_0367_,11.41µm
_0578_,11.41µm
_1443_,11.41µm
_1569_,11.41µm
_2006_,11.41µm
_2237_,11.41µm
_2291_,11.41µm
_2436_,11.41µm
net541,11.41µm
_0178_,11.4µm
net409,11.4µm
u_input_buffer.mem\[8\]\[7\],11.355µm
_0074_,11.35µm
_1949_,11.35µm
u_input_buffer.mem\[4\]\[0\],11.35µm
_1361_,11.34µm
_1450_,11.34µm
_2166_,11.335µm
_0961_,11.325µm
_0999_,11.3µm
_1148_,11.3µm
_1426_,11.3µm
_1669_,11.3µm
_2102_,11.3µm
_2115_,11.3µm
_2217_,11.3µm
_2084_,11.29µm
_2294_,11.29µm
net1095,11.29µm
_0986_,11.285µm
net244,11.28µm
net289,11.28µm
_1783_,11.24µm
_0878_,11.23µm
u_input_buffer.mem\[28\]\[7\],11.23µm
u_input_buffer.mem\[2\]\[0\],11.23µm
u_input_buffer.mem\[26\]\[7\],11.22µm
_2097_,11.215µm
u_input_buffer.mem\[3\]\[5\],11.185µm
_1488_,11.18µm
net1153,11.18µm
_0951_,11.17µm
_1257_,11.17µm
_1374_,11.17µm
_1530_,11.17µm
_2525_,11.17µm
_1230_,11.16µm
_1546_,11.16µm
_2212_,11.16µm
u_input_buffer.mem\[22\]\[2\],11.16µm
_2323_,11.12µm
_2125_,11.115µm
_0257_,11.11µm
_1836_,11.11µm
_2407_,11.1µm
u_input_buffer.mem\[4\]\[1\],11.1µm
net347,11.085µm
_1919_,11.06µm
_0311_,11.04µm
_1733_,11.04µm
_1979_,11µm
_0757_,10.99µm
_1029_,10.99µm
_1288_,10.99µm
net1184,10.99µm
net1189,10.99µm
net1242,10.99µm
_0744_,10.98µm
_1920_,10.98µm
_2406_,10.98µm
_2420_,10.98µm
_2219_,10.975µm
_2483_,10.975µm
_0280_,10.93µm
_1825_,10.93µm
net192,10.93µm
_1963_,10.92µm
_1846_,10.915µm
u_input_buffer.mem\[14\]\[0\],10.915µm
u_mac_4.temp_res\[2\],10.915µm
_0134_,10.905µm
_1348_,10.905µm
_2313_,10.905µm
_0925_,10.88µm
_1024_,10.88µm
_1351_,10.88µm
_1858_,10.88µm
net1167,10.88µm
_0891_,10.87µm
_0238_,10.86µm
u_input_buffer.mem\[18\]\[0\],10.86µm
u_input_buffer.mem\[25\]\[4\],10.86µm
_2054_,10.835µm
_0453_,10.82µm
_0884_,10.82µm
_1695_,10.82µm
_1713_,10.82µm
_0366_,10.81µm
_0958_,10.81µm
_1084_,10.81µm
_2354_,10.81µm
net368,10.81µm
_0415_,10.8µm
_0582_,10.8µm
_1222_,10.8µm
_1572_,10.8µm
net132,10.8µm
_1690_,10.76µm
_2078_,10.76µm
u_input_buffer.mem\[31\]\[7\],10.745µm
_1937_,10.74µm
u_input_buffer.mem\[22\]\[5\],10.74µm
net1265,10.71µm
_1812_,10.705µm
u_input_buffer.mem\[4\]\[3\],10.705µm
net1214,10.705µm
u_input_buffer.mem\[29\]\[5\],10.7µm
_0376_,10.69µm
_0777_,10.69µm
_1430_,10.69µm
_2250_,10.69µm
_2028_,10.68µm
_0050_,10.63µm
_0067_,10.63µm
_1111_,10.62µm
_1608_,10.62µm
_2038_,10.62µm
_0767_,10.58µm
_1033_,10.57µm
read_data_out[1],10.57µm
net913,10.57µm
_0330_,10.56µm
_1391_,10.56µm
_1438_,10.56µm
_1710_,10.56µm
_1800_,10.555µm
_1994_,10.51µm
_2478_,10.51µm
net861,10.51µm
net935,10.51µm
net999,10.51µm
net1093,10.51µm
_1874_,10.5µm
_0935_,10.46µm
_1813_,10.46µm
net523,10.46µm
_0942_,10.455µm
_0048_,10.45µm
_0358_,10.45µm
_0599_,10.45µm
_0652_,10.45µm
_1130_,10.45µm
_1326_,10.45µm
_1537_,10.45µm
_1559_,10.45µm
_1661_,10.45µm
_2527_,10.45µm
net167,10.45µm
net1151,10.45µm
_1725_,10.44µm
read_index\[6\],10.44µm
_1304_,10.435µm
_2557_,10.435µm
_1848_,10.43µm
u_input_buffer.mem\[13\]\[2\],10.4µm
u_mac_3.temp_res\[6\],10.4µm
_0129_,10.39µm
_1016_,10.39µm
_1026_,10.385µm
_0125_,10.38µm
_0931_,10.38µm
_1070_,10.38µm
_1233_,10.38µm
_2295_,10.38µm
u_input_buffer.mem\[18\]\[6\],10.38µm
u_mac_2.temp_res\[1\],10.38µm
_0641_,10.375µm
_2507_,10.375µm
_0412_,10.365µm
_1135_,10.35µm
_0921_,10.345µm
_1178_,10.34µm
_1520_,10.34µm
_1926_,10.34µm
net1007,10.34µm
_0302_,10.33µm
_0776_,10.33µm
_1437_,10.33µm
_2282_,10.33µm
_2477_,10.33µm
net307,10.32µm
net331,10.32µm
u_input_buffer.mem\[7\]\[7\],10.32µm
_1514_,10.285µm
_1309_,10.28µm
_0337_,10.27µm
u_input_buffer.mem\[12\]\[5\],10.27µm
u_input_buffer.mem\[16\]\[2\],10.26µm
_1355_,10.23µm
_2233_,10.23µm
u_input_buffer.mem\[27\]\[6\],10.22µm
_1915_,10.215µm
_1396_,10.21µm
u_input_buffer.mem\[22\]\[6\],10.21µm
u_input_buffer.mem\[29\]\[7\],10.2µm
_0078_,10.15µm
_0090_,10.15µm
_0108_,10.15µm
_0127_,10.15µm
_1182_,10.14µm
read_data_out[7],10.14µm
_1757_,10.09µm
net561,10.09µm
net941,10.09µm
net1092,10.09µm
net1204,10.09µm
net1241,10.09µm
_0164_,10.08µm
_0423_,10.08µm
_0622_,10.08µm
_1841_,10.08µm
net367,10.08µm
u_input_buffer.mem\[18\]\[4\],10.08µm
net1036,10.08µm
_0694_,10.065µm
_2398_,10.04µm
_0015_,10.03µm
_0123_,10.03µm
_0171_,10.03µm
_1028_,10.03µm
_1076_,10.03µm
_1549_,10.03µm
_1568_,10.03µm
_1696_,10.03µm
_1811_,10.03µm
net989,10.03µm
_0136_,10.02µm
_1165_,10.02µm
_1793_,10.02µm
_1973_,10.02µm
_1411_,10.015µm
net187,10.005µm
u_input_buffer.mem\[31\]\[4\],9.995µm
_0799_,9.98µm
net1187,9.98µm
_0394_,9.97µm
_1618_,9.97µm
_1735_,9.97µm
_1767_,9.97µm
_2196_,9.97µm
_2203_,9.97µm
_2222_,9.97µm
u_input_buffer.mem\[22\]\[3\],9.97µm
net891,9.97µm
u_input_buffer.mem\[12\]\[6\],9.96µm
_1335_,9.955µm
u_input_buffer.mem\[15\]\[5\],9.955µm
_0227_,9.945µm
_2485_,9.945µm
_1935_,9.94µm
_1867_,9.92µm
u_input_buffer.mem\[25\]\[1\],9.92µm
_2309_,9.91µm
_1525_,9.9µm
_2261_,9.9µm
net971,9.9µm
u_input_buffer.mem\[26\]\[6\],9.875µm
_2268_,9.865µm
u_input_buffer.mem\[26\]\[2\],9.865µm
_1906_,9.86µm
_1954_,9.86µm
_2411_,9.86µm
net894,9.86µm
net1138,9.86µm
_0310_,9.85µm
_1093_,9.85µm
_1397_,9.85µm
_2364_,9.85µm
u_ctrl.k_cnt\[0\],9.85µm
_1235_,9.84µm
net115,9.84µm
net246,9.84µm
_1131_,9.835µm
u_input_buffer.mem\[30\]\[0\],9.815µm
_2385_,9.8µm
_0083_,9.79µm
_0196_,9.79µm
_0267_,9.79µm
_0272_,9.79µm
_2205_,9.775µm
net1235,9.74µm
_0328_,9.73µm
u_input_buffer.mem\[12\]\[0\],9.73µm
u_input_buffer.mem\[31\]\[3\],9.73µm
u_input_buffer.mem\[7\]\[1\],9.73µm
_0286_,9.69µm
_1407_,9.68µm
_0053_,9.67µm
_0741_,9.66µm
u_input_buffer.mem\[29\]\[6\],9.655µm
_0333_,9.61µm
_0491_,9.61µm
_1928_,9.61µm
net917,9.61µm
net1258,9.61µm
_0579_,9.6µm
_1496_,9.6µm
net348,9.6µm
u_mac_1.temp_res\[0\],9.6µm
_0018_,9.55µm
_0046_,9.55µm
_0186_,9.55µm
_0249_,9.55µm
_0378_,9.55µm
_0460_,9.55µm
_0572_,9.55µm
_0688_,9.55µm
_0758_,9.55µm
_1039_,9.55µm
_1446_,9.55µm
_1486_,9.55µm
_1737_,9.55µm
net557,9.55µm
net1130,9.55µm
net1165,9.55µm
_0920_,9.54µm
_1040_,9.54µm
net1256,9.54µm
_2433_,9.535µm
_1021_,9.53µm
_2104_,9.5µm
_0005_,9.49µm
_0045_,9.49µm
_0086_,9.49µm
_0223_,9.49µm
_0516_,9.49µm
_0613_,9.49µm
_1094_,9.49µm
_1310_,9.49µm
_1484_,9.49µm
_1715_,9.49µm
_2454_,9.49µm
net885,9.49µm
net923,9.49µm
_0860_,9.48µm
_1298_,9.48µm
_1339_,9.48µm
_2103_,9.48µm
_2145_,9.48µm
net1061,9.48µm
_0561_,9.475µm
u_input_buffer.mem\[21\]\[0\],9.44µm
net1176,9.44µm
_0120_,9.43µm
_0362_,9.43µm
_0965_,9.43µm
u_input_buffer.mem\[28\]\[4\],9.425µm
_1327_,9.42µm
u_input_buffer.mem\[4\]\[2\],9.415µm
u_input_buffer.mem\[0\]\[6\],9.395µm
_1875_,9.385µm
u_input_buffer.mem\[16\]\[4\],9.385µm
top_wr_en,9.38µm
net1140,9.38µm
_0294_,9.37µm
_0833_,9.37µm
_1756_,9.37µm
_1873_,9.37µm
u_input_buffer.mem\[25\]\[0\],9.37µm
u_input_buffer.mem\[27\]\[3\],9.37µm
_0188_,9.36µm
_2107_,9.36µm
_2114_,9.36µm
_2248_,9.355µm
_1187_,9.32µm
_0058_,9.31µm
_1344_,9.31µm
u_input_buffer.mem\[16\]\[3\],9.31µm
u_input_buffer.mem\[3\]\[1\],9.31µm
net921,9.31µm
_2395_,9.305µm
_1882_,9.275µm
_1394_,9.27µm
_2177_,9.27µm
_1072_,9.26µm
_2156_,9.25µm
net217,9.24µm
net1237,9.24µm
_0057_,9.19µm
net924,9.19µm
_0354_,9.18µm
_2246_,9.18µm
_1985_,9.165µm
_1452_,9.155µm
_1554_,9.13µm
_1968_,9.13µm
_2419_,9.13µm
net558,9.13µm
net887,9.13µm
net928,9.13µm
net962,9.13µm
net963,9.13µm
_1078_,9.12µm
_1151_,9.12µm
_1188_,9.12µm
_1594_,9.12µm
_1837_,9.12µm
net352,9.12µm
u_input_buffer.mem\[24\]\[2\],9.12µm
read_data_out[2],9.12µm
net577,9.12µm
net1010,9.12µm
u_input_buffer.mem\[12\]\[2\],9.115µm
_0184_,9.07µm
_0258_,9.07µm
_0342_,9.07µm
_0603_,9.07µm
_0731_,9.07µm
_0740_,9.07µm
_0748_,9.07µm
_0820_,9.07µm
_0896_,9.07µm
_1004_,9.07µm
_1237_,9.07µm
_1303_,9.07µm
u_input_buffer.mem\[6\]\[7\],9.07µm
net580,9.07µm
net992,9.07µm
net1182,9.07µm
net1227,9.07µm
net1233,9.07µm
_1563_,9.06µm
_1570_,9.06µm
_1604_,9.06µm
_2101_,9.06µm
net1072,9.06µm
_1986_,9.055µm
_1786_,9.03µm
_1824_,9.025µm
_0906_,9.02µm
net1132,9.02µm
_0039_,9.01µm
_0248_,9.01µm
_0711_,9.01µm
_1056_,9.01µm
_1540_,9.01µm
_1780_,9.01µm
net363,9.01µm
u_input_buffer.mem\[3\]\[0\],9.01µm
u_mac_1.temp_res\[3\],9.01µm
_2220_,9µm
net386,9µm
_1487_,8.995µm
_0523_,8.95µm
_1058_,8.95µm
_0350_,8.94µm
_1603_,8.94µm
_1646_,8.94µm
_2110_,8.94µm
_2272_,8.94µm
u_input_buffer.mem\[28\]\[1\],8.93µm
_2218_,8.915µm
_1556_,8.9µm
_2064_,8.9µm
_0041_,8.89µm
_0110_,8.89µm
_1192_,8.89µm
_1600_,8.89µm
_1779_,8.89µm
_2099_,8.89µm
net243,8.89µm
net254,8.89µm
_0477_,8.88µm
_0809_,8.88µm
_1558_,8.88µm
_1891_,8.88µm
net136,8.88µm
net179,8.88µm
net190,8.88µm
net388,8.88µm
net396,8.88µm
net477,8.88µm
u_input_buffer.mem\[15\]\[1\],8.855µm
_1092_,8.84µm
_0093_,8.83µm
_0157_,8.83µm
_0182_,8.83µm
_0710_,8.83µm
_0836_,8.83µm
_1953_,8.83µm
_0993_,8.79µm
_2247_,8.78µm
u_input_buffer.mem\[2\]\[3\],8.78µm
u_input_buffer.mem\[13\]\[7\],8.77µm
_0152_,8.76µm
_1009_,8.76µm
net1253,8.76µm
_1966_,8.72µm
_0198_,8.71µm
_0031_,8.7µm
_0663_,8.7µm
_0720_,8.7µm
_1974_,8.7µm
_2342_,8.7µm
u_input_buffer.mem\[29\]\[2\],8.7µm
net900,8.7µm
net1044,8.7µm
_0682_,8.69µm
_1081_,8.66µm
_0026_,8.65µm
_0168_,8.65µm
_0347_,8.65µm
_0464_,8.65µm
_1324_,8.65µm
_2289_,8.65µm
_2434_,8.65µm
_2510_,8.65µm
_2516_,8.65µm
u_input_buffer.mem\[30\]\[2\],8.65µm
read_data_out[0],8.65µm
net918,8.65µm
_0512_,8.64µm
_1611_,8.64µm
_1987_,8.64µm
_2144_,8.64µm
_2158_,8.64µm
_2267_,8.64µm
_2357_,8.64µm
_2435_,8.64µm
net125,8.64µm
u_input_buffer.mem\[16\]\[7\],8.64µm
net1078,8.64µm
u_input_buffer.mem\[7\]\[3\],8.635µm
_0060_,8.59µm
_0098_,8.59µm
_0146_,8.59µm
_0165_,8.59µm
_0225_,8.59µm
_0276_,8.59µm
_0390_,8.59µm
_0537_,8.59µm
_0575_,8.59µm
_0703_,8.59µm
_0732_,8.59µm
_0994_,8.59µm
_1378_,8.59µm
_1686_,8.59µm
_2305_,8.59µm
u_input_buffer.mem\[7\]\[5\],8.59µm
net936,8.59µm
net986,8.59µm
net1090,8.59µm
_2051_,8.58µm
_1503_,8.575µm
_0968_,8.54µm
_1541_,8.54µm
_2496_,8.54µm
_0003_,8.53µm
_0283_,8.53µm
_0313_,8.53µm
_0597_,8.53µm
_1457_,8.53µm
net333,8.53µm
net342,8.53µm
net969,8.53µm
net1168,8.53µm
_1445_,8.52µm
_1455_,8.52µm
_1588_,8.52µm
_1719_,8.52µm
_2106_,8.52µm
_2514_,8.52µm
_2532_,8.52µm
u_input_buffer.mem\[11\]\[3\],8.52µm
_1630_,8.515µm
_2149_,8.515µm
_1480_,8.5µm
_2269_,8.48µm
_2207_,8.475µm
_0867_,8.46µm
_1341_,8.46µm
_1773_,8.455µm
net1173,8.435µm
u_input_buffer.mem\[31\]\[1\],8.425µm
_2249_,8.42µm
_0405_,8.41µm
_1285_,8.41µm
_2339_,8.41µm
_0219_,8.4µm
_1642_,8.4µm
net298,8.4µm
u_input_buffer.mem\[3\]\[6\],8.4µm
_0059_,8.35µm
_0063_,8.35µm
_0616_,8.35µm
_1499_,8.35µm
_0202_,8.34µm
_0288_,8.34µm
_0634_,8.34µm
u_input_buffer.mem\[21\]\[5\],8.34µm
_1845_,8.31µm
_1169_,8.3µm
_0846_,8.28µm
u_input_buffer.mem\[6\]\[4\],8.28µm
net1049,8.28µm
_2263_,8.265µm
u_input_buffer.mem\[29\]\[1\],8.26µm
_0069_,8.23µm
_0077_,8.23µm
_0155_,8.23µm
_0212_,8.23µm
u_input_buffer.mem\[11\]\[1\],8.23µm
_0317_,8.22µm
_1071_,8.22µm
_1107_,8.22µm
_1815_,8.22µm
u_input_buffer.mem\[29\]\[3\],8.22µm
net1259,8.22µm
_0627_,8.21µm
_0856_,8.195µm
_2422_,8.195µm
_0650_,8.17µm
u_input_buffer.mem\[30\]\[4\],8.17µm
_0708_,8.16µm
_0905_,8.16µm
_1364_,8.16µm
_2056_,8.16µm
_1319_,8.15µm
_0088_,8.11µm
_0199_,8.11µm
_0236_,8.11µm
_0269_,8.11µm
_0323_,8.11µm
_0469_,8.11µm
_0639_,8.11µm
_0676_,8.11µm
_2227_,8.11µm
_2297_,8.11µm
net551,8.11µm
net995,8.11µm
net1065,8.11µm
net1134,8.11µm
net1196,8.11µm
_0080_,8.1µm
_0608_,8.1µm
_0717_,8.1µm
_1046_,8.1µm
_1565_,8.1µm
_2017_,8.1µm
_2486_,8.1µm
_0773_,8.065µm
u_mac_4.temp_res\[17\],8.06µm
_0955_,8.05µm
net436,8.05µm
u_input_buffer.mem\[13\]\[0\],8.05µm
u_input_buffer.mem\[24\]\[3\],8.05µm
u_input_buffer.mem\[8\]\[6\],8.05µm
net1018,8.05µm
_0299_,8.04µm
_0808_,8.04µm
_2168_,8.04µm
read_data_out[5],8.04µm
_1498_,8.02µm
_0230_,7.99µm
_0754_,7.99µm
_1215_,7.99µm
_1888_,7.99µm
_0620_,7.98µm
_1027_,7.98µm
_1271_,7.98µm
_2377_,7.98µm
_1774_,7.94µm
_2544_,7.94µm
u_input_buffer.mem\[24\]\[7\],7.94µm
net998,7.94µm
net1012,7.94µm
net1063,7.94µm
_0037_,7.93µm
_1624_,7.93µm
_2431_,7.93µm
net284,7.93µm
net398,7.93µm
u_input_buffer.mem\[1\]\[4\],7.93µm
_1491_,7.925µm
_1330_,7.92µm
_1745_,7.92µm
_2013_,7.92µm
u_input_buffer.mem\[6\]\[2\],7.92µm
net1121,7.92µm
_1711_,7.915µm
_0251_,7.905µm
_1978_,7.895µm
_0587_,7.88µm
_1461_,7.88µm
_0076_,7.87µm
_1701_,7.87µm
_0010_,7.865µm
_2429_,7.865µm
_0745_,7.86µm
_1693_,7.86µm
u_input_buffer.mem\[9\]\[0\],7.86µm
_1231_,7.855µm
_0626_,7.845µm
_2362_,7.835µm
_1951_,7.825µm
_0893_,7.82µm
_1818_,7.82µm
_0427_,7.81µm
_1398_,7.8µm
_2531_,7.8µm
_2164_,7.76µm
_0073_,7.75µm
_0153_,7.75µm
_0373_,7.74µm
_0489_,7.74µm
_0997_,7.74µm
_1155_,7.74µm
_1173_,7.74µm
_1429_,7.74µm
_1578_,7.74µm
_2153_,7.74µm
_2201_,7.74µm
_2425_,7.74µm
_2505_,7.74µm
u_ctrl.k_cnt\[1\],7.74µm
net1029,7.74µm
net1251,7.74µm
u_input_buffer.mem\[15\]\[7\],7.7µm
_0091_,7.69µm
_0237_,7.69µm
_0287_,7.69µm
_0528_,7.69µm
_1901_,7.69µm
_2061_,7.69µm
_2409_,7.69µm
_2548_,7.69µm
net862,7.69µm
net1069,7.69µm
net1178,7.69µm
_0008_,7.68µm
_0345_,7.68µm
_0372_,7.68µm
_0468_,7.68µm
_0610_,7.68µm
_0702_,7.68µm
_0790_,7.68µm
_1034_,7.68µm
_1085_,7.68µm
_1088_,7.68µm
_1403_,7.68µm
_1453_,7.68µm
_1574_,7.68µm
_1995_,7.68µm
_2105_,7.68µm
_2184_,7.68µm
_2402_,7.68µm
net174,7.68µm
net188,7.68µm
net319,7.68µm
net978,7.68µm
net1207,7.68µm
_0020_,7.63µm
_0070_,7.63µm
_0175_,7.63µm
_0240_,7.63µm
_0259_,7.63µm
_0281_,7.63µm
_0308_,7.63µm
_0331_,7.63µm
_0666_,7.63µm
_0700_,7.63µm
_0873_,7.63µm
_1938_,7.63µm
net546,7.63µm
net552,7.63µm
net890,7.63µm
net932,7.63µm
net1009,7.63µm
net1024,7.63µm
_1583_,7.62µm
_2029_,7.62µm
_0291_,7.605µm
_2512_,7.605µm
_2259_,7.58µm
u_input_buffer.mem\[6\]\[5\],7.58µm
net330,7.57µm
u_input_buffer.mem\[5\]\[6\],7.57µm
net965,7.57µm
_0289_,7.56µm
_0554_,7.56µm
net353,7.56µm
net371,7.56µm
net445,7.56µm
_0536_,7.555µm
_1195_,7.555µm
u_input_buffer.mem\[18\]\[7\],7.555µm
_2096_,7.52µm
u_input_buffer.mem\[13\]\[5\],7.52µm
u_input_buffer.mem\[2\]\[5\],7.52µm
_1512_,7.51µm
_1714_,7.505µm
_0862_,7.5µm
_1750_,7.5µm
_1352_,7.495µm
_1685_,7.495µm
_1925_,7.465µm
_1003_,7.46µm
_1684_,7.46µm
_2428_,7.46µm
net1116,7.46µm
net1244,7.46µm
_0002_,7.45µm
_0854_,7.45µm
_1234_,7.45µm
_1460_,7.45µm
_1517_,7.45µm
_2466_,7.45µm
net135,7.45µm
net154,7.45µm
net476,7.45µm
net113,7.45µm
_2094_,7.445µm
_0126_,7.44µm
_1612_,7.44µm
_1816_,7.44µm
_2132_,7.4µm
_0087_,7.39µm
_0549_,7.39µm
_0874_,7.39µm
_0084_,7.38µm
_1820_,7.355µm
_1741_,7.34µm
_2060_,7.34µm
_0430_,7.33µm
_0960_,7.33µm
_1406_,7.33µm
_1704_,7.33µm
_0859_,7.285µm
_0629_,7.28µm
_0033_,7.27µm
_0189_,7.27µm
_0218_,7.27µm
_0263_,7.27µm
_0270_,7.27µm
_0162_,7.26µm
_0570_,7.26µm
_0595_,7.26µm
_0746_,7.26µm
_1198_,7.26µm
_1239_,7.26µm
_1250_,7.26µm
_2236_,7.26µm
_2271_,7.26µm
_2492_,7.26µm
net1157,7.26µm
net475,7.245µm
_0116_,7.21µm
_0119_,7.21µm
_0264_,7.21µm
_0327_,7.21µm
_1784_,7.21µm
net884,7.21µm
net990,7.21µm
_0426_,7.2µm
_0476_,7.2µm
_0598_,7.2µm
_1053_,7.2µm
_1299_,7.2µm
_1887_,7.2µm
_1892_,7.2µm
_1941_,7.2µm
_2438_,7.2µm
_2449_,7.2µm
_2546_,7.2µm
net164,7.2µm
net181,7.2µm
net248,7.2µm
net323,7.2µm
net435,7.2µm
net1038,7.2µm
u_input_buffer.mem\[15\]\[3\],7.195µm
_2326_,7.19µm
_0130_,7.15µm
_2338_,7.15µm
net545,7.15µm
net547,7.15µm
net906,7.15µm
net1047,7.15µm
_1354_,7.14µm
_1388_,7.14µm
_1506_,7.14µm
_1956_,7.14µm
_1328_,7.1µm
_1471_,7.1µm
_0144_,7.09µm
_0944_,7.09µm
_1345_,7.09µm
net297,7.09µm
net318,7.09µm
net864,7.09µm
net1103,7.09µm
_0191_,7.08µm
_0300_,7.08µm
_1414_,7.08µm
_1581_,7.08µm
_1955_,7.08µm
_2471_,7.08µm
_2554_,7.08µm
net131,7.08µm
net142,7.08µm
net427,7.08µm
u_input_buffer.mem\[0\]\[7\],7.08µm
u_input_buffer.mem\[18\]\[3\],7.08µm
net944,7.08µm
_0505_,7.075µm
_0544_,7.075µm
_0556_,7.075µm
_1615_,7.075µm
_2355_,7.075µm
_1641_,7.05µm
_0971_,7.04µm
net940,7.03µm
_2128_,7.02µm
_2131_,7.02µm
_1785_,6.995µm
u_input_buffer.mem\[3\]\[7\],6.995µm
_1144_,6.98µm
_1442_,6.98µm
_1981_,6.98µm
u_input_buffer.mem\[25\]\[5\],6.98µm
net566,6.98µm
net889,6.98µm
net896,6.98µm
net1050,6.98µm
_0140_,6.97µm
_0385_,6.97µm
_0475_,6.97µm
_0584_,6.97µm
_1213_,6.97µm
_2400_,6.97µm
net231,6.97µm
net314,6.97µm
net346,6.97µm
net361,6.97µm
_0201_,6.96µm
u_input_buffer.mem\[12\]\[4\],6.96µm
_1063_,6.92µm
_1769_,6.92µm
_2023_,6.92µm
_0252_,6.91µm
u_input_buffer.mem\[11\]\[7\],6.9µm
u_input_buffer.mem\[8\]\[4\],6.9µm
net1064,6.9µm
_0657_,6.885µm
net553,6.84µm
_0061_,6.79µm
_0092_,6.79µm
_0226_,6.79µm
_0228_,6.79µm
_0254_,6.79µm
_0256_,6.79µm
net1046,6.79µm
net1111,6.79µm
_0253_,6.78µm
_0309_,6.78µm
_1150_,6.78µm
_1159_,6.78µm
_1161_,6.78µm
_1241_,6.78µm
_1266_,6.78µm
_1359_,6.78µm
_1417_,6.78µm
_1827_,6.78µm
net1175,6.78µm
_2348_,6.75µm
_0052_,6.73µm
_0262_,6.73µm
_0290_,6.73µm
_0303_,6.73µm
_0484_,6.73µm
_0668_,6.73µm
_0699_,6.73µm
_2140_,6.73µm
net537,6.73µm
net564,6.73µm
net1025,6.73µm
net1079,6.73µm
_1097_,6.72µm
_1743_,6.72µm
_1807_,6.72µm
_2079_,6.72µm
_2299_,6.72µm
net308,6.72µm
net1284,6.72µm
_0016_,6.67µm
_0279_,6.67µm
_0564_,6.67µm
_0586_,6.67µm
_0644_,6.67µm
_0665_,6.67µm
_0755_,6.67µm
_1052_,6.67µm
_2091_,6.67µm
_2440_,6.67µm
net899,6.67µm
net987,6.67µm
_1828_,6.645µm
_1252_,6.625µm
_1413_,6.62µm
_1466_,6.62µm
_0364_,6.61µm
_0555_,6.61µm
net250,6.61µm
net925,6.61µm
net970,6.61µm
_0138_,6.6µm
_1739_,6.6µm
_1803_,6.6µm
net201,6.6µm
net252,6.6µm
net329,6.6µm
net407,6.6µm
net415,6.6µm
net420,6.6µm
net871,6.6µm
_0420_,6.595µm
_0609_,6.595µm
_0736_,6.595µm
net1088,6.595µm
_1587_,6.58µm
_1706_,6.58µm
u_input_buffer.mem\[7\]\[4\],6.58µm
_1886_,6.545µm
_2139_,6.54µm
_1393_,6.515µm
_0348_,6.5µm
net531,6.5µm
net907,6.5µm
net934,6.5µm
net938,6.5µm
net947,6.5µm
net1057,6.5µm
net1119,6.5µm
_0028_,6.49µm
_0203_,6.49µm
_0396_,6.49µm
_0436_,6.49µm
_0487_,6.49µm
_1929_,6.49µm
_2367_,6.485µm
_1982_,6.48µm
u_input_buffer.mem\[16\]\[1\],6.45µm
_2265_,6.42µm
u_input_buffer.mem\[16\]\[6\],6.42µm
net1278,6.39µm
_2382_,6.37µm
_0235_,6.36µm
_0006_,6.31µm
_0154_,6.31µm
_0204_,6.31µm
_0222_,6.31µm
read_data_out[3],6.31µm
_0019_,6.3µm
_0023_,6.3µm
_0274_,6.3µm
_0341_,6.3µm
_0365_,6.3µm
_0447_,6.3µm
_0640_,6.3µm
_0647_,6.3µm
_0879_,6.3µm
_0967_,6.3µm
_1176_,6.3µm
_1311_,6.3µm
_1980_,6.3µm
_2421_,6.3µm
net1094,6.3µm
_2399_,6.285µm
_0038_,6.25µm
_0435_,6.25µm
_0441_,6.25µm
_0526_,6.25µm
_0600_,6.25µm
_0607_,6.25µm
_0671_,6.25µm
_0709_,6.25µm
_0727_,6.25µm
net571,6.25µm
net931,6.25µm
_1196_,6.24µm
_1761_,6.24µm
_2446_,6.24µm
net116,6.24µm
net206,6.24µm
net218,6.24µm
net423,6.24µm
u_input_buffer.mem\[10\]\[1\],6.24µm
_0065_,6.19µm
_0081_,6.19µm
_0205_,6.19µm
_0209_,6.19µm
_0224_,6.19µm
_0229_,6.19µm
_0239_,6.19µm
_0462_,6.19µm
_2020_,6.19µm
_2392_,6.19µm
_2542_,6.19µm
net882,6.19µm
net983,6.19µm
net1020,6.19µm
net1136,6.19µm
net1219,6.19µm
_1434_,6.18µm
_0247_,6.165µm
_1960_,6.13µm
_2303_,6.13µm
net121,6.13µm
net387,6.13µm
net394,6.13µm
_0800_,6.12µm
_1101_,6.12µm
_1245_,6.12µm
_1421_,6.12µm
_1880_,6.12µm
_2069_,6.12µm
_2543_,6.12µm
net203,6.12µm
net204,6.12µm
net453,6.12µm
net465,6.12µm
_0007_,6.115µm
_0017_,6.115µm
_0351_,6.115µm
_0352_,6.115µm
_0883_,6.115µm
_0918_,6.115µm
_1592_,6.115µm
_2067_,6.115µm
net1073,6.115µm
_1924_,6.08µm
_2005_,6.07µm
_1219_,6.06µm
net362,6.055µm
_1194_,6.02µm
_1834_,6.02µm
_1965_,6.02µm
net993,6.02µm
net1058,6.02µm
net1071,6.02µm
net1154,6.02µm
_0107_,6.01µm
_0355_,6.01µm
_0630_,6.01µm
_1662_,6.01µm
_2143_,6.01µm
_0946_,6µm
_1410_,6µm
_2197_,6µm
_1467_,5.975µm
_1382_,5.96µm
_0054_,5.94µm
_0122_,5.94µm
_0124_,5.94µm
_0919_,5.91µm
net1264,5.9µm
_0241_,5.88µm
_0369_,5.88µm
_1109_,5.88µm
_2522_,5.88µm
_2541_,5.88µm
net535,5.88µm
net956,5.88µm
net1085,5.88µm
_0089_,5.83µm
_0133_,5.83µm
_0194_,5.83µm
_0211_,5.83µm
net869,5.83µm
net1099,5.83µm
_0704_,5.82µm
_0889_,5.82µm
_2283_,5.82µm
net1003,5.82µm
net1248,5.82µm
_0004_,5.77µm
_0079_,5.77µm
_0480_,5.77µm
_0513_,5.77µm
_0659_,5.77µm
_0899_,5.77µm
_1197_,5.77µm
_2375_,5.77µm
_2538_,5.77µm
net866,5.77µm
net893,5.77µm
net943,5.77µm
net1060,5.77µm
net1067,5.77µm
net1234,5.77µm
_1613_,5.76µm
_0068_,5.71µm
_0156_,5.71µm
_1104_,5.71µm
_1179_,5.71µm
_1209_,5.71µm
_2055_,5.71µm
_2109_,5.71µm
net533,5.71µm
net880,5.71µm
net1026,5.71µm
net1124,5.71µm
net1150,5.71µm
net1209,5.71µm
_0585_,5.7µm
_1857_,5.66µm
_1146_,5.655µm
net124,5.65µm
net315,5.65µm
net474,5.65µm
net883,5.65µm
net898,5.65µm
_0118_,5.64µm
_1147_,5.64µm
_1835_,5.64µm
_2337_,5.64µm
_2515_,5.64µm
net127,5.64µm
net140,5.64µm
net189,5.64µm
net293,5.64µm
net322,5.64µm
net364,5.64µm
net370,5.64µm
net450,5.64µm
_0214_,5.635µm
_0255_,5.635µm
_0789_,5.635µm
_1117_,5.635µm
net563,5.635µm
_1522_,5.62µm
_1278_,5.59µm
net950,5.59µm
_1440_,5.55µm
_0143_,5.54µm
_1992_,5.54µm
net952,5.54µm
net976,5.54µm
_0021_,5.53µm
_0064_,5.53µm
_0100_,5.53µm
_0282_,5.53µm
_0432_,5.53µm
_2292_,5.53µm
_2537_,5.53µm
_2560_,5.53µm
net380,5.53µm
_1065_,5.52µm
_0948_,5.48µm
_2080_,5.48µm
_1010_,5.47µm
_1125_,5.46µm
net1120,5.445µm
_1501_,5.42µm
_2308_,5.42µm
_0250_,5.4µm
_0992_,5.4µm
_1468_,5.4µm
_1998_,5.4µm
_2231_,5.4µm
_2404_,5.4µm
net550,5.4µm
net915,5.4µm
net1170,5.4µm
net1213,5.4µm
u_input_buffer.mem\[30\]\[5\],5.39µm
_0266_,5.385µm
_0105_,5.35µm
_0273_,5.35µm
_0277_,5.35µm
net569,5.35µm
_0890_,5.34µm
_1899_,5.34µm
_2356_,5.34µm
net1059,5.34µm
_0439_,5.29µm
_0611_,5.29µm
_0718_,5.29µm
_1683_,5.29µm
_1822_,5.29µm
net872,5.29µm
net905,5.29µm
net910,5.29µm
net1001,5.29µm
net1014,5.29µm
net1022,5.29µm
net1043,5.29µm
net1109,5.29µm
_2008_,5.285µm
_1721_,5.28µm
_2280_,5.28µm
net146,5.28µm
net324,5.28µm
net482,5.28µm
_2327_,5.275µm
_0035_,5.23µm
_0457_,5.23µm
_0619_,5.23µm
_0712_,5.23µm
_1163_,5.23µm
_1225_,5.23µm
net574,5.23µm
net579,5.23µm
net953,5.23µm
net1269,5.23µm
_0159_,5.22µm
_0360_,5.22µm
_0508_,5.22µm
_0662_,5.22µm
_1047_,5.22µm
_1602_,5.22µm
_1861_,5.22µm
_2190_,5.22µm
net572,5.22µm
_0900_,5.215µm
net1183,5.215µm
_0530_,5.18µm
_1425_,5.18µm
net310,5.17µm
_0106_,5.16µm
_0338_,5.16µm
_0402_,5.16µm
_0448_,5.16µm
_0648_,5.16µm
_1232_,5.16µm
_2315_,5.16µm
_2318_,5.16µm
_2329_,5.16µm
_2497_,5.16µm
_2524_,5.16µm
net119,5.16µm
net161,5.16µm
net170,5.16µm
net196,5.16µm
net210,5.16µm
net273,5.16µm
net336,5.16µm
net373,5.16µm
net399,5.16µm
net439,5.16µm
net442,5.16µm
net460,5.16µm
net468,5.16µm
net1272,5.16µm
_0001_,5.155µm
net528,5.155µm
_0114_,5.06µm
_0158_,5.06µm
_0242_,5.06µm
_0244_,5.06µm
_0297_,5.06µm
_0371_,5.06µm
_0425_,5.06µm
_1294_,5.06µm
_1582_,5.06µm
_2050_,5.06µm
net536,5.06µm
net897,5.06µm
net964,5.06µm
net977,5.06µm
net1034,5.06µm
net1055,5.06µm
net1084,5.06µm
_0245_,5.05µm
_0384_,5.05µm
_0499_,5.05µm
_0646_,5.05µm
_1269_,5.05µm
delaynet_0_clk,5.05µm
_0631_,4.99µm
_0340_,4.98µm
_0446_,4.92µm
_0486_,4.92µm
_0509_,4.92µm
_1119_,4.92µm
_1228_,4.92µm
_2185_,4.92µm
_2503_,4.92µm
_2506_,4.92µm
net991,4.92µm
net1013,4.92µm
_0812_,4.905µm
_0047_,4.87µm
_0169_,4.87µm
_0217_,4.87µm
_0304_,4.87µm
_2127_,4.87µm
_2083_,4.865µm
_0208_,4.86µm
_0260_,4.86µm
_0756_,4.86µm
_0805_,4.86µm
_1478_,4.86µm
_1616_,4.86µm
_1778_,4.86µm
_1876_,4.86µm
net980,4.86µm
net1114,4.86µm
net1117,4.86µm
net1128,4.86µm
_0344_,4.81µm
_0349_,4.81µm
_0400_,4.81µm
_1483_,4.81µm
_2169_,4.81µm
net1066,4.81µm
_0022_,4.8µm
_1041_,4.8µm
net117,4.8µm
net374,4.8µm
net413,4.8µm
net459,4.8µm
_0014_,4.75µm
_0082_,4.75µm
_0714_,4.75µm
_0898_,4.75µm
_0910_,4.75µm
_2370_,4.75µm
net1190,4.75µm
_0062_,4.74µm
_2162_,4.74µm
_0888_,4.68µm
_1218_,4.68µm
_1648_,4.68µm
_1656_,4.68µm
_1851_,4.68µm
_1983_,4.68µm
_2405_,4.68µm
_2558_,4.68µm
net120,4.68µm
net122,4.68µm
net126,4.68µm
net130,4.68µm
net134,4.68µm
net145,4.68µm
net147,4.68µm
net150,4.68µm
net151,4.68µm
net157,4.68µm
net158,4.68µm
net160,4.68µm
net168,4.68µm
net169,4.68µm
net172,4.68µm
net173,4.68µm
net182,4.68µm
net183,4.68µm
net184,4.68µm
net197,4.68µm
net199,4.68µm
net208,4.68µm
net209,4.68µm
net211,4.68µm
net215,4.68µm
net220,4.68µm
net221,4.68µm
net222,4.68µm
net224,4.68µm
net225,4.68µm
net228,4.68µm
net229,4.68µm
net233,4.68µm
net234,4.68µm
net236,4.68µm
net237,4.68µm
net239,4.68µm
net240,4.68µm
net242,4.68µm
net247,4.68µm
net255,4.68µm
net263,4.68µm
net264,4.68µm
net267,4.68µm
net270,4.68µm
net272,4.68µm
net283,4.68µm
net286,4.68µm
net287,4.68µm
net291,4.68µm
net292,4.68µm
net300,4.68µm
net302,4.68µm
net303,4.68µm
net305,4.68µm
net311,4.68µm
net313,4.68µm
net316,4.68µm
net326,4.68µm
net334,4.68µm
net338,4.68µm
net340,4.68µm
net341,4.68µm
net343,4.68µm
net345,4.68µm
net349,4.68µm
net350,4.68µm
net351,4.68µm
net355,4.68µm
net356,4.68µm
net357,4.68µm
net359,4.68µm
net360,4.68µm
net365,4.68µm
net369,4.68µm
net372,4.68µm
net378,4.68µm
net381,4.68µm
net382,4.68µm
net392,4.68µm
net393,4.68µm
net401,4.68µm
net404,4.68µm
net408,4.68µm
net412,4.68µm
net419,4.68µm
net421,4.68µm
net422,4.68µm
net426,4.68µm
net428,4.68µm
net429,4.68µm
net430,4.68µm
net432,4.68µm
net433,4.68µm
net438,4.68µm
net440,4.68µm
net452,4.68µm
net456,4.68µm
net458,4.68µm
net461,4.68µm
net462,4.68µm
net463,4.68µm
net466,4.68µm
net480,4.68µm
net483,4.68µm
net486,4.68µm
_0504_,4.675µm
_0670_,4.675µm
_0735_,4.675µm
_0737_,4.675µm
_1334_,4.675µm
net529,4.675µm
_1205_,4.665µm
_2284_,4.615µm
_0538_,4.58µm
_0743_,4.58µm
_0941_,4.58µm
_1804_,4.58µm
_2408_,4.58µm
_2469_,4.58µm
_2481_,4.58µm
net892,4.58µm
net1005,4.58µm
net1011,4.58µm
net1080,4.58µm
net1091,4.58µm
net1100,4.58µm
net1115,4.58µm
net1191,4.58µm
_0173_,4.57µm
_0656_,4.57µm
_0697_,4.57µm
_1596_,4.57µm
_2472_,4.57µm
_2513_,4.57µm
net1017,4.57µm
_1736_,4.56µm
net1019,4.52µm
_0548_,4.5µm
net565,4.5µm
net539,4.485µm
_0232_,4.44µm
_0454_,4.44µm
_0728_,4.44µm
_1224_,4.44µm
_1692_,4.44µm
_1975_,4.44µm
_2255_,4.44µm
_2276_,4.44µm
_2430_,4.44µm
mac_en,4.44µm
net957,4.44µm
_0075_,4.39µm
_0187_,4.39µm
net881,4.39µm
_0095_,4.38µm
_0132_,4.38µm
_0135_,4.38µm
_0193_,4.38µm
_0332_,4.38µm
_0334_,4.38µm
_0574_,4.38µm
_1172_,4.38µm
_1420_,4.38µm
_1451_,4.38µm
_1748_,4.38µm
_1810_,4.38µm
_1844_,4.38µm
_1859_,4.38µm
_2019_,4.38µm
_2122_,4.38µm
_2235_,4.38µm
_2390_,4.38µm
_2473_,4.38µm
u_input_buffer.mem\[3\]\[2\],4.38µm
net961,4.38µm
net1002,4.38µm
net1216,4.38µm
_0357_,4.33µm
_2253_,4.33µm
_0387_,4.32µm
_0963_,4.32µm
_1918_,4.32µm
_2211_,4.32µm
net143,4.32µm
net144,4.32µm
net156,4.32µm
net159,4.32µm
net162,4.32µm
net177,4.32µm
net180,4.32µm
net185,4.32µm
net191,4.32µm
net213,4.32µm
net219,4.32µm
net253,4.32µm
net271,4.32µm
net279,4.32µm
net295,4.32µm
net325,4.32µm
net390,4.32µm
net395,4.32µm
net441,4.32µm
net454,4.32µm
net478,4.32µm
net911,4.32µm
_0147_,4.27µm
_0368_,4.27µm
_2437_,4.27µm
_0421_,4.26µm
_1796_,4.26µm
_2232_,4.26µm
_0113_,4.2µm
_0292_,4.2µm
_0698_,4.2µm
_1619_,4.2µm
_2003_,4.2µm
_2530_,4.2µm
net149,4.2µm
net216,4.2µm
net249,4.2µm
net268,4.2µm
net269,4.2µm
net276,4.2µm
net306,4.2µm
net312,4.2µm
net434,4.2µm
net448,4.2µm
net487,4.2µm
_0495_,4.195µm
_0543_,4.195µm
_0664_,4.195µm
_0749_,4.195µm
_1223_,4.195µm
_2148_,4.195µm
net985,4.195µm
_2551_,4.17µm
_0190_,4.1µm
_2388_,4.1µm
_2396_,4.1µm
clknet_0_clk,4.1µm
net530,4.1µm
net575,4.1µm
net578,4.1µm
net1000,4.1µm
net1252,4.1µm
net1260,4.1µm
_0494_,4.09µm
_0701_,4.09µm
_0722_,4.09µm
_1317_,4.09µm
net200,4.09µm
net259,4.09µm
net260,4.09µm
net344,4.09µm
net425,4.09µm
net481,4.09µm
net485,4.09µm
_0612_,4.04µm
_0306_,4.02µm
net576,4.02µm
net974,4.02µm
_0000_,3.96µm
_0326_,3.96µm
_0510_,3.96µm
_1180_,3.96µm
_1609_,3.96µm
_1670_,3.96µm
_1832_,3.96µm
_2095_,3.96µm
net555,3.96µm
net1110,3.96µm
net1211,3.96µm
net1243,3.96µm
net1262,3.96µm
net1281,3.96µm
net1148,3.91µm
_0497_,3.9µm
_0667_,3.9µm
_0672_,3.9µm
_0690_,3.9µm
_0778_,3.9µm
_0803_,3.9µm
_1014_,3.9µm
_1019_,3.9µm
_1416_,3.9µm
_1860_,3.9µm
_1872_,3.9µm
_2076_,3.9µm
_2171_,3.9µm
_2499_,3.9µm
net562,3.9µm
net1152,3.9µm
net1203,3.9µm
_0456_,3.87µm
_2463_,3.85µm
_0408_,3.84µm
_0418_,3.84µm
_0471_,3.84µm
net114,3.84µm
net118,3.84µm
net128,3.84µm
net129,3.84µm
net133,3.84µm
net137,3.84µm
net138,3.84µm
net141,3.84µm
net148,3.84µm
net152,3.84µm
net155,3.84µm
net166,3.84µm
net171,3.84µm
net175,3.84µm
net176,3.84µm
net178,3.84µm
net193,3.84µm
net195,3.84µm
net202,3.84µm
net205,3.84µm
net207,3.84µm
net212,3.84µm
net214,3.84µm
net223,3.84µm
net226,3.84µm
net227,3.84µm
net230,3.84µm
net232,3.84µm
net235,3.84µm
net238,3.84µm
net241,3.84µm
net245,3.84µm
net256,3.84µm
net257,3.84µm
net258,3.84µm
net261,3.84µm
net266,3.84µm
net274,3.84µm
net275,3.84µm
net278,3.84µm
net281,3.84µm
net282,3.84µm
net285,3.84µm
net290,3.84µm
net296,3.84µm
net299,3.84µm
net301,3.84µm
net309,3.84µm
net320,3.84µm
net321,3.84µm
net327,3.84µm
net332,3.84µm
net335,3.84µm
net337,3.84µm
net358,3.84µm
net366,3.84µm
net379,3.84µm
net384,3.84µm
net385,3.84µm
net389,3.84µm
net391,3.84µm
net400,3.84µm
net402,3.84µm
net405,3.84µm
net410,3.84µm
net411,3.84µm
net416,3.84µm
net417,3.84µm
net418,3.84µm
net424,3.84µm
net431,3.84µm
net444,3.84µm
net447,3.84µm
net449,3.84µm
net451,3.84µm
net455,3.84µm
net457,3.84µm
net464,3.84µm
net467,3.84µm
net469,3.84µm
net470,3.84µm
net471,3.84µm
net472,3.84µm
net473,3.84µm
net488,3.84µm
net904,3.84µm
_1174_,3.78µm
_1307_,3.78µm
_1927_,3.78µm
_1939_,3.78µm
_1943_,3.78µm
_0316_,3.72µm
_0726_,3.72µm
net251,3.72µm
net277,3.72µm
net317,3.72µm
net328,3.72µm
net901,3.72µm
net1186,3.72µm
_0429_,3.715µm
_0496_,3.715µm
_0539_,3.715µm
_0589_,3.715µm
_0604_,3.715µm
_0636_,3.715µm
_0677_,3.715µm
_0683_,3.715µm
_0747_,3.715µm
_1598_,3.715µm
_2346_,3.715µm
_1207_,3.705µm
_2301_,3.66µm
net139,3.66µm
_2403_,3.655µm
_0271_,3.62µm
_0424_,3.62µm
_1120_,3.62µm
_2155_,3.62µm
_2487_,3.62µm
_2509_,3.62µm
net879,3.62µm
net888,3.62µm
net902,3.62µm
net927,3.62µm
net958,3.62µm
net975,3.62µm
net1032,3.62µm
net1074,3.62µm
_0515_,3.61µm
_0553_,3.61µm
_0566_,3.61µm
_0573_,3.61µm
_0645_,3.61µm
_0685_,3.61µm
_0719_,3.61µm
_0725_,3.61µm
_1105_,3.61µm
_1273_,3.61µm
_1703_,3.61µm
_2533_,3.61µm
_2273_,3.6µm
_2418_,3.6µm
net863,3.565µm
_0638_,3.55µm
_2501_,3.55µm
_0040_,3.54µm
net1160,3.54µm
_0115_,3.48µm
_0506_,3.48µm
_0565_,3.48µm
_0635_,3.48µm
_0738_,3.48µm
_0760_,3.48µm
_0871_,3.48µm
_1171_,3.48µm
_1246_,3.48µm
_1401_,3.48µm
_1433_,3.48µm
_1564_,3.48µm
_2007_,3.48µm
_2352_,3.48µm
net959,3.48µm
net960,3.48µm
net1016,3.48µm
net1143,3.48µm
net1159,3.48µm
net1225,3.48µm
net1247,3.48µm
net1268,3.48µm
_1728_,3.435µm
_0206_,3.42µm
_0336_,3.42µm
_0359_,3.42µm
_0527_,3.42µm
_0844_,3.42µm
_1153_,3.42µm
_1362_,3.42µm
_1508_,3.42µm
_1590_,3.42µm
_1775_,3.42µm
_1866_,3.42µm
_1884_,3.42µm
_1894_,3.42µm
_1903_,3.42µm
_1932_,3.42µm
_1988_,3.42µm
_1997_,3.42µm
_2112_,3.42µm
net567,3.42µm
net877,3.42µm
net1037,3.42µm
net1087,3.42µm
net1105,3.42µm
net1145,3.42µm
net1205,3.42µm
_0353_,3.36µm
_1504_,3.36µm
_2123_,3.36µm
net153,3.36µm
net198,3.36µm
net262,3.36µm
net339,3.36µm
net377,3.36µm
net443,3.36µm
net446,3.36µm
net479,3.36µm
net484,3.36µm
read_count,3.36µm
net559,3.36µm
net914,3.36µm
net982,3.36µm
_0379_,3.24µm
_0490_,3.24µm
_0535_,3.24µm
_0618_,3.24µm
_0835_,3.24µm
_1203_,3.24µm
_1387_,3.24µm
_1610_,3.24µm
_1999_,3.24µm
_2000_,3.24µm
_0533_,3.235µm
_0545_,3.235µm
_0691_,3.235µm
_1190_,3.235µm
_2369_,3.235µm
_1227_,3.2µm
_0458_,3.18µm
_0465_,3.18µm
_0571_,3.14µm
_1510_,3.14µm
_1628_,3.14µm
_2383_,3.14µm
_2401_,3.14µm
_2424_,3.14µm
net542,3.14µm
net543,3.14µm
net895,3.14µm
net909,3.14µm
net916,3.14µm
net1056,3.14µm
net1193,3.14µm
_0593_,3.13µm
_0707_,3.13µm
_0729_,3.13µm
_0923_,3.13µm
_1384_,3.13µm
_1687_,3.13µm
_1771_,3.13µm
_1826_,3.13µm
_2070_,3.13µm
_0032_,3µm
_0034_,3µm
_0339_,3µm
_0370_,3µm
_0583_,3µm
_0621_,3µm
_0680_,3µm
_0823_,3µm
_1154_,3µm
_1297_,3µm
_1492_,3µm
_1534_,3µm
_1548_,3µm
_1550_,3µm
_1702_,3µm
_1801_,3µm
_1972_,3µm
_1996_,3µm
_2077_,3µm
_2336_,3µm
_2372_,3µm
_2468_,3µm
_2518_,3µm
_2536_,3µm
_2539_,3µm
net573,3µm
net922,3µm
net984,3µm
net1039,3µm
net1042,3µm
net1083,3µm
net1131,3µm
net1133,3µm
net1236,3µm
_0103_,2.94µm
_0234_,2.94µm
_0325_,2.94µm
_0343_,2.94µm
_0461_,2.94µm
_0546_,2.94µm
_0580_,2.94µm
_1079_,2.94µm
_1103_,2.94µm
_1840_,2.94µm
_1883_,2.94µm
_1931_,2.94µm
_2004_,2.94µm
_2417_,2.94µm
_2547_,2.94µm
clk_regs,2.94µm
u_ctrl.state\[0\],2.94µm
net570,2.94µm
net876,2.94µm
net1041,2.94µm
net1257,2.94µm
net1015,2.88µm
net1051,2.88µm
net1053,2.88µm
net1102,2.88µm
_0025_,2.76µm
_0285_,2.76µm
_0391_,2.76µm
_0433_,2.76µm
_0524_,2.76µm
_0576_,2.76µm
_0654_,2.76µm
_1573_,2.76µm
_1795_,2.76µm
_2033_,2.76µm
_2085_,2.76µm
_2480_,2.76µm
_0024_,2.755µm
_0786_,2.755µm
_0793_,2.755µm
_1204_,2.755µm
_1301_,2.755µm
_1591_,2.755µm
net1006,2.755µm
net1062,2.755µm
_0500_,2.7µm
_0520_,2.7µm
_0560_,2.7µm
_0679_,2.7µm
_0723_,2.7µm
_1259_,2.7µm
_1667_,2.7µm
_0170_,2.66µm
_0463_,2.66µm
_0467_,2.66µm
_1211_,2.66µm
_1353_,2.66µm
_1595_,2.66µm
_2075_,2.66µm
net534,2.66µm
net538,2.66µm
net955,2.66µm
net979,2.66µm
net1045,2.66µm
net1048,2.66µm
_0581_,2.65µm
_2285_,2.65µm
net1164,2.65µm
_0321_,2.64µm
net1031,2.64µm
_0131_,2.58µm
_0137_,2.58µm
_0141_,2.58µm
net1101,2.58µm
_0117_,2.52µm
_0192_,2.52µm
_0356_,2.52µm
_0522_,2.52µm
_0643_,2.52µm
_0928_,2.52µm
_0977_,2.52µm
_1091_,2.52µm
_1229_,2.52µm
_1349_,2.52µm
_1586_,2.52µm
_1959_,2.52µm
_2333_,2.52µm
net560,2.52µm
net867,2.52µm
net1028,2.52µm
net1141,2.52µm
net1174,2.52µm
_1716_,2.45µm
net912,2.4µm
net920,2.4µm
net946,2.4µm
net1021,2.4µm
_1740_,2.34µm
_1952_,2.34µm
_0012_,2.28µm
_0514_,2.28µm
_0542_,2.28µm
_0547_,2.28µm
_0558_,2.28µm
_0563_,2.28µm
_0567_,2.28µm
_0602_,2.28µm
_0674_,2.28µm
_0852_,2.28µm
_1156_,2.28µm
_1184_,2.28µm
_1976_,2.28µm
_2307_,2.28µm
net1194,2.28µm
net1197,2.28µm
net1198,2.28µm
net1201,2.28µm
_0478_,2.275µm
_0562_,2.275µm
_1617_,2.275µm
_2081_,2.275µm
net1147,2.275µm
_0511_,2.22µm
_0637_,2.22µm
_1720_,2.22µm
_0956_,2.18µm
_1614_,2.18µm
_0518_,2.17µm
_0866_,2.17µm
_2484_,2.17µm
_0029_,2.1µm
_0149_,2.1µm
net527,2.1µm
net532,2.1µm
net544,2.1µm
net996,2.1µm
net1070,2.1µm
net1137,2.1µm
_1267_,1.92µm
_2414_,1.92µm
net903,1.92µm
net966,1.92µm
net973,1.92µm
net994,1.92µm
save_result,1.86µm
_1220_,1.825µm
_0051_,1.8µm
_0056_,1.8µm
_0066_,1.8µm
_0071_,1.8µm
_0094_,1.8µm
_0096_,1.8µm
_0166_,1.8µm
_0179_,1.8µm
_0200_,1.8µm
_0233_,1.8µm
_0275_,1.8µm
_0278_,1.8µm
_0329_,1.8µm
_0346_,1.8µm
_0361_,1.8µm
_0363_,1.8µm
_0375_,1.8µm
_0479_,1.8µm
_0481_,1.8µm
_0498_,1.8µm
_0507_,1.8µm
_0517_,1.8µm
_0525_,1.8µm
_0557_,1.8µm
_0591_,1.8µm
_0594_,1.8µm
_0606_,1.8µm
_0632_,1.8µm
_0655_,1.8µm
_0661_,1.8µm
_0673_,1.8µm
_0675_,1.8µm
_0686_,1.8µm
_0713_,1.8µm
_0730_,1.8µm
_0739_,1.8µm
_0863_,1.8µm
_1990_,1.8µm
_2001_,1.8µm
_2052_,1.8µm
net1125,1.8µm
_1123_,1.795µm
net1023,1.795µm
_0243_,1.7µm
_0139_,1.59µm
net868,1.44µm
net873,1.44µm
net886,1.44µm
net929,1.44µm
net933,1.44µm
net937,1.44µm
net939,1.44µm
net945,1.44µm
net948,1.44µm
net949,1.44µm
net954,1.44µm
net1086,1.44µm
net1156,1.44µm
net1188,1.44µm
_0335_,1.38µm
_0388_,1.38µm
_1566_,1.38µm
_2353_,1.38µm
res_index\[0\],1.38µm
rom_addr\[2\],1.38µm
u_ctrl.input_cnt\[2\],1.38µm
u_ctrl.state\[4\],1.38µm
net1052,1.325µm
_0142_,0.96µm
_0246_,0.96µm
_0293_,0.96µm
_0298_,0.96µm
_0315_,0.96µm
_0422_,0.96µm
_0798_,0.96µm
_0975_,0.96µm
_1226_,0.96µm
half_sel,0.96µm
net540,0.96µm
net549,0.96µm
net860,0.96µm
net875,0.96µm
net926,0.96µm
net930,0.96µm
net967,0.96µm
net981,0.96µm
net1030,0.96µm
net1075,0.96µm
net1076,0.96µm
net1077,0.96µm
net1081,0.96µm
net1082,0.96µm
net1118,0.96µm
net1122,0.96µm
net1127,0.96µm
net1139,0.96µm
net1200,0.96µm
net1223,0.96µm
net1231,0.96µm
